"","batter","Pitches","Whiff","xWhiff","In_Whiff","IZ.Pitches","IZ.Swing","IZ.xSwing","IZ","OOZ.Pitches","OOZ.Swing","OOZ.xSwing","OOZ","xwOBA","wOBA","In_wOBA","xwOBA_Swing","xwOBA_Take","SAE","Name"
"1",405395,791,0.097,0.099,-0.003,370,0.632,0.65,-0.013,248,0.399,0.293,0.119,0.334,0.271,-0.04,0.36,0.31,107.9,"Albert Pujols"
"2",408234,1074,0.134,0.109,0.021,479,0.695,0.646,0.049,253,0.296,0.257,0.057,0.326,0.356,0.023,0.358,0.292,109.89,"Miguel Cabrera"
"3",425772,343,0.143,0.103,0.03,178,0.652,0.673,-0.009,97,0.268,0.297,0.004,0.343,0.241,-0.028,0.378,0.31,110.1,"Jeff Mathis"
"4",425783,701,0.126,0.112,0.009,337,0.588,0.675,-0.076,248,0.194,0.321,-0.087,0.34,0.32,0.007,0.38,0.316,111.98,"Shin-Soo Choo"
"5",425784,19,0.105,0.094,0,10,0.5,0.66,-0.036,4,0.25,0.344,-0.007,0.338,0.225,0.004,0.346,0.33,102.55,"Rene Rivera"
"6",425877,872,0.117,0.113,-0.002,401,0.726,0.634,0.09,250,0.4,0.292,0.125,0.325,0.332,-0.01,0.352,0.291,108.25,"Yadier Molina"
"7",429664,817,0.1,0.102,-0.007,366,0.781,0.641,0.121,344,0.392,0.265,0.145,0.332,0.395,0.034,0.35,0.304,105.61,"Robinson Cano"
"8",429665,1103,0.133,0.118,0.014,525,0.629,0.674,-0.035,273,0.234,0.305,-0.034,0.332,0.295,-0.015,0.363,0.304,109.52,"Edwin Encarnacion"
"9",435062,489,0.092,0.109,-0.019,243,0.663,0.648,0.013,167,0.341,0.332,0.033,0.335,0.319,-0.012,0.357,0.31,106.5,"Howie Kendrick"
"10",435522,197,0.122,0.101,0.002,96,0.594,0.66,-0.048,66,0.379,0.304,0.078,0.33,0.267,-0.009,0.368,0.297,111.35,"Neil Walker"
"11",435559,630,0.084,0.114,-0.028,318,0.686,0.635,0.043,182,0.269,0.32,-0.019,0.335,0.349,-0.011,0.372,0.302,110.93,"Kurt Suzuki"
"12",443558,1081,0.153,0.12,0.025,470,0.691,0.646,0.047,266,0.282,0.279,0.03,0.322,0.415,0.094,0.359,0.29,111.48,"Nelson Cruz"
"13",444482,1017,0.093,0.103,-0.015,518,0.643,0.66,-0.016,347,0.222,0.269,-0.016,0.339,0.336,0.011,0.371,0.312,109.6,"David Peralta"
"14",444489,186,0.108,0.108,0.005,80,0.65,0.67,-0.005,74,0.203,0.334,-0.067,0.335,0.331,-0.001,0.37,0.309,110.35,"Manny Pina"
"15",445055,257,0.093,0.101,-0.01,132,0.606,0.648,-0.033,79,0.367,0.304,0.074,0.335,0.235,-0.045,0.358,0.313,106.99,"Jon Jay"
"16",446308,209,0.081,0.108,-0.028,93,0.624,0.693,-0.042,76,0.303,0.319,0.007,0.336,0.255,-0.022,0.365,0.316,108.65,"Matt Wieters"
"17",446334,1097,0.08,0.108,-0.032,536,0.595,0.64,-0.046,266,0.259,0.293,-0.004,0.336,0.308,-0.023,0.375,0.306,111.67,"Evan Longoria"
"18",446481,51,0.196,0.131,0.027,25,0.64,0.659,-0.007,15,0.333,0.297,0.023,0.344,0.129,-0.015,0.365,0.318,106.28,"Sean Rodriguez"
"19",448801,219,0.183,0.102,0.056,104,0.712,0.676,0.019,88,0.352,0.299,0.059,0.332,0.153,-0.052,0.358,0.302,107.83,"Chris Davis"
"20",451594,735,0.124,0.116,0.001,336,0.711,0.695,0.028,254,0.197,0.289,-0.059,0.335,0.31,-0.007,0.375,0.299,112.04,"Dexter Fowler"
"21",452095,449,0.147,0.11,0.025,221,0.597,0.686,-0.074,142,0.303,0.312,0.014,0.342,0.259,-0.006,0.376,0.316,109.9,"Tyler Flowers"
"22",452254,197,0.152,0.113,0.021,92,0.739,0.654,0.055,72,0.347,0.299,0.056,0.333,0.182,-0.045,0.368,0.292,110.56,"Hunter Pence"
"23",452678,1067,0.093,0.105,-0.017,492,0.671,0.657,0.014,397,0.317,0.294,0.037,0.339,0.32,-0.013,0.372,0.311,109.71,"Asdrubal Cabrera"
"24",453568,1197,0.103,0.107,-0.011,601,0.691,0.673,0.022,443,0.251,0.302,-0.022,0.34,0.338,0.006,0.37,0.31,109.03,"Charlie Blackmon"
"25",453943,916,0.104,0.113,-0.012,415,0.627,0.667,-0.043,304,0.227,0.326,-0.063,0.331,0.305,0.004,0.366,0.3,110.57,"Todd Frazier"
"26",455117,1077,0.11,0.109,-0.006,503,0.594,0.66,-0.059,293,0.242,0.303,-0.029,0.332,0.316,0.008,0.37,0.309,111.34,"Martin Maldonado"
"27",455139,389,0.123,0.113,0.006,174,0.695,0.637,0.04,120,0.183,0.265,-0.044,0.325,0.249,-0.041,0.355,0.295,109.27,"Robinson Chirinos"
"28",455976,998,0.052,0.108,-0.057,504,0.625,0.669,-0.044,326,0.184,0.294,-0.083,0.341,0.303,-0.033,0.374,0.317,109.73,"Nick Markakis"
"29",456124,164,0.152,0.101,0.032,68,0.691,0.676,0.007,39,0.513,0.291,0.156,0.328,0.308,0.013,0.369,0.289,112.53,"Erik Kratz"
"30",456488,4,0,0.097,-0.006,3,0.667,0.546,0.007,1,1,0.249,0.028,0.36,0.45,0.002,0.336,0.434,93.17,"Eduardo Nunez"
"31",456715,73,0.082,0.107,-0.013,36,0.583,0.631,-0.019,22,0.136,0.238,-0.028,0.334,0.358,-0.006,0.374,0.311,111.9,"Lorenzo Cain"
"32",456781,990,0.101,0.11,-0.014,478,0.68,0.643,0.031,296,0.351,0.344,0.042,0.337,0.352,0.034,0.363,0.308,107.93,"Donovan Solano"
"33",457705,1228,0.078,0.107,-0.032,645,0.591,0.652,-0.068,309,0.239,0.313,-0.05,0.342,0.36,0.007,0.38,0.313,111.22,"Andrew McCutchen"
"34",457708,869,0.115,0.11,0.001,447,0.635,0.657,-0.017,218,0.206,0.319,-0.073,0.336,0.338,0.01,0.379,0.305,112.57,"Justin Upton"
"35",457727,561,0.13,0.108,0.014,284,0.687,0.66,0.033,137,0.234,0.27,-0.006,0.335,0.315,-0.005,0.372,0.3,111.2,"Cameron Maybin"
"36",457759,1067,0.077,0.109,-0.036,547,0.653,0.672,-0.021,286,0.213,0.258,-0.018,0.335,0.378,0.003,0.38,0.301,113.25,"Justin Turner"
"37",457803,557,0.151,0.106,0.037,264,0.818,0.687,0.106,190,0.321,0.316,0.034,0.333,0.303,-0.004,0.374,0.288,112.29,"Jay Bruce"
"38",458015,1186,0.074,0.105,-0.029,563,0.568,0.662,-0.086,422,0.178,0.305,-0.093,0.338,0.367,0.015,0.383,0.312,113.26,"Joey Votto"
"39",458731,1054,0.084,0.102,-0.022,529,0.569,0.675,-0.098,398,0.163,0.318,-0.12,0.346,0.359,0.006,0.38,0.325,110.07,"Brett Gardner"
"40",459964,841,0.137,0.113,0.011,377,0.69,0.664,0.021,367,0.262,0.329,-0.04,0.337,0.323,-0.015,0.38,0.3,112.71,"Matthew Joyce"
"41",460075,680,0.135,0.104,0.028,292,0.695,0.641,0.055,230,0.409,0.294,0.138,0.33,0.304,-0.006,0.35,0.307,105.87,"Ryan Braun"
"42",460077,249,0.112,0.119,-0.008,118,0.686,0.703,-0.006,84,0.286,0.372,-0.037,0.341,0.195,-0.038,0.376,0.309,110.45,"Drew Butera"
"43",460086,920,0.096,0.108,-0.015,434,0.717,0.665,0.047,324,0.247,0.311,-0.029,0.339,0.299,-0.042,0.381,0.301,112.51,"Alex Gordon"
"44",461314,671,0.131,0.116,0.006,268,0.619,0.657,-0.028,188,0.277,0.307,-0.003,0.327,0.341,0.023,0.367,0.301,112.27,"Matt Kemp"
"45",461865,42,0.095,0.107,-0.005,24,0.917,0.885,0.013,12,0,0.244,-0.066,0.352,0.312,0.001,0.381,0.305,108.3,"Andrew Romine"
"46",462101,458,0.081,0.105,-0.024,230,0.639,0.646,-0.01,141,0.277,0.267,0.035,0.338,0.272,-0.049,0.373,0.308,110.26,"Elvis Andrus"
"47",465041,220,0.118,0.107,0.003,98,0.673,0.612,0.043,71,0.225,0.284,-0.03,0.333,0.393,0.017,0.384,0.297,115.41,"Francisco Cervelli"
"48",466988,14,0.143,0.14,0.002,5,0.4,0.526,-0.012,8,0.625,0.465,0.042,0.336,0,-0.003,0.335,0.337,99.58,"Emilio Bonifacio"
"49",467055,474,0.15,0.104,0.034,210,0.762,0.683,0.064,207,0.319,0.286,0.058,0.336,0.255,-0.044,0.368,0.3,109.3,"Pablo Sandoval"
"50",467092,679,0.133,0.1,0.026,332,0.81,0.651,0.139,236,0.335,0.25,0.106,0.332,0.324,-0.011,0.368,0.288,110.59,"Wilson Ramos"
"51",467793,1462,0.07,0.114,-0.045,658,0.623,0.667,-0.039,539,0.182,0.295,-0.081,0.335,0.312,-0.063,0.388,0.303,115.83,"Carlos Santana"
"52",474568,158,0.082,0.109,-0.024,65,0.585,0.657,-0.036,57,0.193,0.276,-0.04,0.338,0.234,-0.042,0.364,0.325,107.57,"Jordy Mercer"
"53",474832,954,0.084,0.103,-0.024,421,0.696,0.637,0.05,386,0.168,0.303,-0.091,0.333,0.448,0.069,0.387,0.297,116.13,"Brandon Belt"
"54",475253,687,0.125,0.111,0.008,317,0.65,0.659,-0.01,240,0.225,0.301,-0.041,0.331,0.259,-0.038,0.381,0.297,114.91,"Justin Smoak"
"55",488671,307,0.124,0.106,0.013,145,0.614,0.675,-0.036,123,0.195,0.294,-0.057,0.342,0.29,-0.007,0.382,0.318,111.81,"Alex Avila"
"56",488726,1225,0.053,0.104,-0.055,618,0.587,0.648,-0.054,454,0.172,0.277,-0.075,0.339,0.412,0.049,0.377,0.315,111.24,"Michael Brantley"
"57",488771,488,0.139,0.113,0.02,243,0.621,0.692,-0.056,166,0.157,0.286,-0.088,0.342,0.268,-0.012,0.376,0.315,110.09,"Jason Castro"
"58",489149,130,0.131,0.128,-0.007,62,0.645,0.66,-0.003,43,0.326,0.375,-0.017,0.336,0.223,-0.018,0.366,0.311,109.06,"Logan Morrison"
"59",493316,135,0.141,0.124,0.007,58,0.603,0.62,-0.013,47,0.404,0.309,0.084,0.337,0.296,0.016,0.36,0.314,106.86,"Yoenis Céspedes"
"60",493329,1205,0.071,0.103,-0.037,530,0.668,0.634,0.029,422,0.405,0.263,0.159,0.326,0.248,-0.093,0.357,0.3,109.53,"Yuli Gurriel"
"61",500743,817,0.064,0.104,-0.043,399,0.566,0.62,-0.054,260,0.288,0.306,0.001,0.34,0.347,-0.019,0.37,0.317,108.61,"Miguel Rojas"
"62",500871,1013,0.098,0.109,-0.017,463,0.689,0.666,0.017,415,0.284,0.325,-0.007,0.335,0.271,-0.042,0.362,0.308,108.21,"Eduardo Escobar"
"63",500874,463,0.112,0.11,-0.002,211,0.573,0.66,-0.065,149,0.315,0.264,0.074,0.33,0.217,-0.053,0.358,0.306,108.3,"Jose Martinez"
"64",501303,495,0.075,0.11,-0.033,243,0.687,0.66,0.023,172,0.256,0.315,-0.025,0.337,0.27,-0.044,0.376,0.306,111.52,"Ehire Adrianza"
"65",501659,40,0.125,0.117,-0.003,26,0.731,0.644,0.03,7,0.286,0.394,-0.016,0.347,0.177,-0.015,0.373,0.317,107.7,"Abraham Almonte"
"66",501981,573,0.166,0.114,0.043,305,0.731,0.656,0.075,164,0.226,0.349,-0.078,0.341,0.293,-0.002,0.371,0.302,108.85,"Khris Davis"
"67",502054,750,0.095,0.106,-0.015,353,0.578,0.643,-0.059,237,0.16,0.301,-0.097,0.34,0.302,-0.023,0.379,0.318,111.61,"Tommy Pham"
"68",502110,1097,0.134,0.104,0.023,545,0.738,0.642,0.092,294,0.337,0.268,0.084,0.333,0.306,-0.008,0.369,0.29,110.87,"J. D. Martinez"
"69",502210,1204,0.092,0.103,-0.017,583,0.686,0.646,0.036,465,0.213,0.297,-0.055,0.342,0.295,-0.03,0.372,0.316,108.69,"Josh Reddick"
"70",502273,149,0.148,0.109,0.023,76,0.724,0.613,0.073,46,0.283,0.258,0.031,0.336,0.293,-0.003,0.363,0.298,108.03,"Mike Freeman"
"71",502481,267,0.086,0.102,-0.023,151,0.623,0.664,-0.032,87,0.241,0.281,-0.012,0.344,0.174,-0.064,0.381,0.314,110.61,"Jarrod Dyson"
"72",502517,566,0.06,0.104,-0.047,294,0.718,0.671,0.041,207,0.295,0.323,0.002,0.34,0.276,-0.037,0.37,0.308,108.87,"Daniel Murphy"
"73",502671,1350,0.078,0.111,-0.036,639,0.623,0.662,-0.028,348,0.296,0.262,0.059,0.333,0.387,0.022,0.371,0.306,111.35,"Paul Goldschmidt"
"74",503556,1055,0.086,0.119,-0.036,512,0.633,0.668,-0.029,323,0.31,0.277,0.062,0.332,0.258,-0.071,0.369,0.302,110.95,"Marwin Gonzalez"
"75",506702,426,0.106,0.103,-0.001,194,0.608,0.681,-0.06,166,0.235,0.286,-0.023,0.335,0.248,-0.058,0.365,0.311,108.9,"Sandy Leon"
"76",514888,1251,0.086,0.109,-0.029,548,0.65,0.599,0.048,468,0.37,0.361,0.036,0.33,0.346,-0.006,0.361,0.302,109.4,"Jose Altuve"
"77",514917,1443,0.074,0.107,-0.034,700,0.634,0.679,-0.04,508,0.217,0.283,-0.037,0.336,0.359,0.018,0.375,0.309,111.56,"Cesar Hernandez"
"78",516416,1068,0.096,0.111,-0.015,492,0.648,0.632,0.005,361,0.302,0.37,-0.033,0.337,0.333,-0.003,0.365,0.31,108.49,"Jean Segura"
"79",516770,254,0.091,0.115,-0.02,121,0.686,0.668,0.013,77,0.299,0.292,0.028,0.33,0.322,-0.004,0.369,0.297,111.62,"Starlin Castro"
"80",516782,1190,0.118,0.116,-0.001,574,0.716,0.643,0.064,353,0.306,0.317,0.019,0.331,0.359,0.012,0.362,0.296,109.24,"Starling Marte"
"81",518568,82,0.012,0.108,-0.051,49,0.633,0.672,-0.021,17,0.412,0.419,0.014,0.357,0.156,-0.035,0.377,0.336,105.75,"Christian Colon"
"82",518586,44,0.25,0.124,0.042,25,0.8,0.719,0.03,12,0.5,0.356,0.059,0.34,0.305,0.011,0.363,0.302,106.92,"Charlie Culberson"
"83",518595,1103,0.14,0.107,0.023,549,0.685,0.633,0.042,276,0.391,0.299,0.104,0.336,0.397,0.075,0.367,0.306,109.42,"Travis d'Arnaud"
"84",518618,407,0.14,0.111,0.022,203,0.645,0.665,-0.013,138,0.304,0.322,0.012,0.337,0.356,0.016,0.369,0.303,109.43,"Derek Dietrich"
"85",518626,531,0.126,0.102,0.011,225,0.627,0.65,-0.023,175,0.251,0.279,0.001,0.326,0.373,0.005,0.374,0.297,114.64,"Josh Donaldson"
"86",518692,1553,0.086,0.11,-0.029,668,0.778,0.657,0.106,568,0.21,0.273,-0.039,0.33,0.442,0.056,0.377,0.286,114.36,"Freddie Freeman"
"87",518735,1218,0.095,0.113,-0.019,573,0.504,0.672,-0.15,473,0.199,0.335,-0.097,0.342,0.363,0.047,0.372,0.324,109.02,"Yasmani Grandal"
"88",518792,1071,0.079,0.107,-0.03,518,0.56,0.666,-0.093,356,0.205,0.249,-0.024,0.337,0.383,0.02,0.38,0.312,112.63,"Jason Heyward"
"89",518934,1323,0.045,0.101,-0.06,683,0.637,0.656,-0.017,391,0.233,0.283,-0.029,0.341,0.404,0.022,0.375,0.314,109.79,"DJ LeMahieu"
"90",519048,766,0.141,0.105,0.025,377,0.711,0.647,0.059,266,0.256,0.253,0.024,0.338,0.375,0.032,0.377,0.298,111.61,"Mitch Moreland"
"91",519058,987,0.097,0.109,-0.012,473,0.7,0.655,0.043,351,0.293,0.265,0.047,0.336,0.354,0.007,0.368,0.304,109.49,"Mike Moustakas"
"92",519203,1270,0.072,0.108,-0.037,580,0.562,0.665,-0.092,460,0.285,0.273,0.033,0.335,0.34,-0.015,0.358,0.315,107.11,"Anthony Rizzo"
"93",519222,616,0.148,0.113,0.026,294,0.738,0.674,0.059,199,0.347,0.284,0.082,0.332,0.273,0.022,0.357,0.305,107.38,"Austin Romine"
"94",519299,669,0.028,0.108,-0.079,328,0.561,0.656,-0.084,260,0.208,0.383,-0.138,0.343,0.255,-0.069,0.37,0.324,107.84,"Eric Sogard"
"95",519303,48,0.25,0.124,0.044,24,0.667,0.701,-0.007,10,0.2,0.285,-0.019,0.325,0.407,0.007,0.343,0.307,105.6,"Elliot Soto"
"96",519306,169,0.183,0.118,0.045,87,0.54,0.631,-0.048,50,0.2,0.298,-0.05,0.333,0.24,0.005,0.371,0.304,111.38,"Steven Souza"
"97",519317,743,0.12,0.11,0.001,302,0.54,0.643,-0.094,250,0.256,0.284,0.001,0.324,0.417,0.082,0.369,0.302,114.15,"Giancarlo Stanton"
"98",519346,711,0.135,0.117,0.01,325,0.683,0.672,0.013,303,0.304,0.336,-0.007,0.334,0.284,-0.027,0.365,0.306,109.03,"Eric Thames"
"99",519390,360,0.092,0.116,-0.024,178,0.573,0.639,-0.052,121,0.223,0.328,-0.053,0.334,0.251,-0.037,0.359,0.315,107.61,"Stephen Vogt"
"100",520471,773,0.113,0.109,-0.001,359,0.663,0.671,-0.009,277,0.271,0.29,0.003,0.335,0.319,-0.015,0.376,0.302,112.15,"Freddy Galvis"
"101",521692,692,0.142,0.119,0.019,292,0.781,0.642,0.116,164,0.439,0.286,0.16,0.32,0.418,0.105,0.347,0.281,108.35,"Salvador Perez"
"102",523253,150,0.113,0.121,-0.014,71,0.535,0.676,-0.09,37,0.162,0.325,-0.079,0.331,0.207,-0.034,0.377,0.308,113.92,"Logan Forsythe"
"103",527038,1194,0.075,0.109,-0.036,530,0.689,0.686,0,361,0.371,0.334,0.064,0.331,0.355,0.015,0.371,0.299,112.02,"Wilmer Flores"
"104",527049,43,0.047,0.096,-0.015,21,0.762,0.561,0.058,13,0.154,0.317,-0.044,0.335,0.378,0.003,0.359,0.305,107.16,"Cesar Puello"
"105",541645,975,0.182,0.112,0.06,449,0.786,0.663,0.117,313,0.351,0.284,0.092,0.33,0.295,-0.013,0.361,0.295,109.39,"Avisail Garcia"
"106",541650,22,0.182,0.099,0.014,11,0.727,0.601,0.028,7,0.429,0.325,0.03,0.345,0.129,-0.007,0.356,0.326,103.39,"Hernan Perez"
"107",542255,705,0.094,0.109,-0.019,364,0.654,0.666,-0.017,254,0.272,0.321,-0.02,0.342,0.23,-0.088,0.377,0.314,110.08,"Ender Inciarte"
"108",542303,1630,0.142,0.118,0.014,743,0.708,0.671,0.029,412,0.342,0.29,0.068,0.327,0.447,0.12,0.362,0.294,110.69,"Marcell Ozuna"
"109",542340,1046,0.15,0.113,0.024,456,0.732,0.666,0.061,388,0.317,0.318,0.016,0.334,0.27,-0.043,0.366,0.301,109.52,"Jonathan Villar"
"110",542454,284,0.176,0.113,0.046,134,0.664,0.668,-0.004,90,0.244,0.274,0,0.331,0.235,-0.018,0.365,0.303,110.37,"Danny Santana"
"111",542583,1194,0.097,0.111,-0.019,586,0.65,0.65,-0.002,363,0.388,0.296,0.107,0.337,0.351,0.01,0.363,0.31,107.84,"Jesus Aguilar"
"112",542932,911,0.056,0.103,-0.052,459,0.514,0.628,-0.109,293,0.116,0.354,-0.195,0.344,0.342,-0.008,0.381,0.324,110.67,"Jon Berti"
"113",542963,7,0,0.065,-0.006,4,0.75,0.677,0.006,3,0,0.19,-0.018,0.369,0,-0.014,0.466,0.296,126.33,"Rob Brantly"
"114",543063,1003,0.153,0.106,0.037,494,0.767,0.661,0.096,388,0.278,0.282,0.03,0.335,0.347,0.031,0.37,0.297,110.51,"Brandon Crawford"
"115",543068,215,0.13,0.109,0.011,97,0.68,0.657,0.021,64,0.391,0.243,0.119,0.329,0.378,0.02,0.367,0.297,111.42,"C. J. Cron"
"116",543105,824,0.109,0.099,0.005,374,0.703,0.641,0.051,297,0.32,0.231,0.106,0.33,0.458,0.097,0.364,0.297,110.37,"Alex Dickerson"
"117",543228,521,0.096,0.11,-0.022,272,0.625,0.607,0.019,116,0.397,0.305,0.1,0.336,0.366,0.027,0.363,0.308,108.29,"Yan Gomes"
"118",543257,994,0.077,0.121,-0.046,490,0.635,0.671,-0.029,353,0.17,0.356,-0.142,0.34,0.363,0.022,0.377,0.312,110.76,"Robbie Grossman"
"119",543281,473,0.118,0.11,0.002,230,0.743,0.652,0.076,142,0.338,0.271,0.084,0.332,0.346,-0.007,0.357,0.296,107.63,"Josh Harrison"
"120",543305,1445,0.104,0.111,-0.014,678,0.673,0.667,0.003,480,0.16,0.264,-0.077,0.334,0.36,-0.028,0.388,0.301,116.34,"Aaron Hicks"
"121",543309,374,0.104,0.117,-0.017,194,0.686,0.672,0.008,87,0.391,0.37,0.032,0.331,0.306,0.003,0.371,0.298,112.27,"Kyle Higashioka"
"122",543333,919,0.099,0.105,-0.006,421,0.713,0.64,0.062,341,0.34,0.293,0.074,0.336,0.36,0.027,0.362,0.308,107.89,"Eric Hosmer"
"123",543376,37,0,0.093,-0.027,16,0.5,0.65,-0.043,16,0.188,0.186,-0.003,0.319,0.3,-0.01,0.391,0.283,122.64,"Caleb Joseph"
"124",543401,846,0.09,0.116,-0.027,400,0.585,0.675,-0.079,307,0.189,0.312,-0.093,0.334,0.304,-0.001,0.369,0.311,110.53,"Jason Kipnis"
"125",543432,44,0.045,0.112,-0.036,20,0.5,0.623,-0.039,14,0.571,0.388,0.075,0.341,0.327,0.001,0.365,0.32,106.98,"Ryan Lavarnway"
"126",543510,618,0.12,0.109,0.007,306,0.647,0.662,-0.004,167,0.234,0.275,-0.008,0.33,0.367,0.049,0.361,0.302,109.58,"James McCann"
"127",543543,967,0.12,0.111,0.004,433,0.591,0.653,-0.044,367,0.18,0.286,-0.076,0.333,0.362,0.045,0.365,0.31,109.83,"Brad Miller"
"128",543592,1066,0.07,0.11,-0.043,551,0.639,0.675,-0.036,303,0.178,0.31,-0.095,0.338,0.33,-0.018,0.386,0.307,114.13,"Austin Nola"
"129",543685,1093,0.051,0.104,-0.052,507,0.661,0.65,0.015,312,0.16,0.292,-0.092,0.334,0.395,0.013,0.38,0.306,113.79,"Anthony Rendon"
"130",543760,1307,0.088,0.11,-0.025,639,0.71,0.673,0.043,394,0.19,0.334,-0.104,0.339,0.331,-0.016,0.381,0.306,112.4,"Marcus Semien"
"131",543768,899,0.122,0.108,0.009,444,0.696,0.653,0.037,300,0.237,0.254,0.003,0.33,0.31,-0.001,0.372,0.292,112.66,"Travis Shaw"
"132",543807,1316,0.106,0.11,-0.012,636,0.722,0.646,0.074,360,0.244,0.287,-0.014,0.334,0.376,0.028,0.376,0.297,112.48,"George Springer"
"133",543829,336,0.083,0.108,-0.025,153,0.641,0.613,0.026,134,0.299,0.327,0.006,0.338,0.27,-0.045,0.357,0.318,105.62,"Dee Strange-Gordon"
"134",543877,939,0.091,0.116,-0.03,468,0.632,0.662,-0.024,304,0.336,0.318,0.043,0.335,0.363,0.027,0.362,0.307,108.12,"Christian Vazquez"
"135",543939,1214,0.054,0.111,-0.059,589,0.628,0.653,-0.015,476,0.212,0.35,-0.099,0.341,0.305,-0.065,0.375,0.314,110.09,"Kolten Wong"
"136",544369,1177,0.093,0.103,-0.013,589,0.732,0.667,0.054,463,0.298,0.279,0.046,0.338,0.345,-0.016,0.371,0.303,109.54,"Didi Gregorius"
"137",544725,276,0.098,0.106,-0.012,142,0.683,0.683,-0.003,95,0.326,0.313,0.026,0.343,0.29,-0.016,0.373,0.314,108.84,"Leury Garcia"
"138",545121,254,0.083,0.107,-0.027,122,0.566,0.687,-0.086,96,0.302,0.277,0.034,0.334,0.225,-0.04,0.368,0.309,110.28,"Ildemaro Vargas"
"139",545341,1186,0.123,0.113,0.004,560,0.698,0.639,0.055,354,0.381,0.315,0.086,0.331,0.336,0.018,0.362,0.3,109.49,"Randal Grichuk"
"140",545350,213,0.155,0.121,0.02,118,0.703,0.71,-0.005,63,0.175,0.254,-0.031,0.344,0.47,0.067,0.371,0.309,107.76,"Jake Marisnick"
"141",545358,415,0.111,0.106,-0.001,230,0.674,0.635,0.03,122,0.213,0.286,-0.041,0.349,0.403,0.04,0.383,0.314,109.89,"Max Stassi"
"142",545361,1252,0.067,0.108,-0.041,638,0.566,0.666,-0.094,346,0.121,0.291,-0.127,0.337,0.422,0.085,0.384,0.311,113.93,"Mike Trout"
"143",546990,136,0.199,0.111,0.049,62,0.726,0.693,0.018,41,0.293,0.308,0.005,0.335,0.313,-0.001,0.358,0.308,106.99,"Anthony Alford"
"144",546991,155,0.148,0.113,0.019,72,0.542,0.601,-0.03,47,0.298,0.226,0.058,0.324,0.217,-0.027,0.35,0.302,108,"Albert Almora"
"145",547004,982,0.119,0.112,0.001,465,0.77,0.68,0.08,347,0.28,0.312,-0.007,0.337,0.305,-0.031,0.378,0.293,112.05,"Rio Ruiz"
"146",547170,96,0.042,0.108,-0.034,49,0.755,0.712,0.017,28,0.393,0.377,0.024,0.34,0.186,-0.029,0.371,0.305,109.05,"Nick Delmonico"
"147",547172,524,0.118,0.108,0.003,263,0.582,0.66,-0.065,187,0.246,0.283,-0.006,0.339,0.272,-0.022,0.37,0.318,108.93,"Tony Wolters"
"148",547179,9,0,0.076,-0.007,3,0.333,0.675,-0.023,6,0,0.03,0.002,0.264,0.467,-0.004,0.36,0.27,136.6,"Michael Lorenzen"
"149",547180,1264,0.125,0.106,0.012,479,0.727,0.641,0.068,584,0.272,0.28,0.018,0.322,0.388,0.024,0.365,0.289,113.32,"Bryce Harper"
"150",547379,744,0.102,0.113,-0.012,409,0.57,0.677,-0.093,177,0.164,0.287,-0.09,0.336,0.278,-0.016,0.378,0.312,112.58,"Roberto Perez"
"151",547989,1427,0.13,0.114,0.013,634,0.672,0.644,0.033,391,0.32,0.274,0.075,0.322,0.415,0.098,0.357,0.292,110.64,"José Abreu"
"152",553869,419,0.122,0.11,0.005,199,0.739,0.649,0.077,137,0.219,0.282,-0.023,0.334,0.295,-0.029,0.365,0.302,109.4,"Elias Diaz"
"153",553882,702,0.15,0.121,0.02,318,0.698,0.696,0.005,267,0.337,0.388,-0.023,0.338,0.254,-0.018,0.362,0.313,107.32,"Omar Narvaez"
"154",553902,43,0.093,0.106,-0.004,20,0.95,0.606,0.103,12,0.667,0.299,0.127,0.319,0.281,-0.004,0.345,0.256,107.89,"Willians Astudillo"
"155",553993,1330,0.129,0.12,0.008,596,0.629,0.662,-0.029,367,0.213,0.302,-0.055,0.326,0.359,0.06,0.366,0.297,112.5,"Eugenio Suarez"
"156",570256,1010,0.198,0.106,0.081,443,0.74,0.667,0.071,378,0.328,0.28,0.07,0.329,0.238,-0.041,0.361,0.29,109.95,"Gregory Polanco"
"157",570267,344,0.131,0.127,0.002,167,0.701,0.654,0.034,89,0.258,0.319,-0.021,0.334,0.272,-0.027,0.371,0.3,111,"Domingo Santana"
"158",570481,885,0.157,0.11,0.039,418,0.737,0.646,0.084,211,0.303,0.254,0.065,0.327,0.26,-0.024,0.358,0.289,109.49,"Erik Gonzalez"
"159",570482,1040,0.088,0.11,-0.029,510,0.706,0.663,0.036,283,0.311,0.255,0.067,0.333,0.356,-0.005,0.368,0.3,110.41,"Gio Urshela"
"160",570560,125,0.088,0.113,-0.019,59,0.525,0.624,-0.059,42,0.095,0.329,-0.123,0.337,0.474,0.032,0.37,0.327,109.76,"Carlos Sanchez"
"161",570731,705,0.14,0.109,0.022,327,0.771,0.634,0.122,198,0.399,0.274,0.132,0.326,0.38,0.046,0.359,0.283,110.32,"Jonathan Schoop"
"162",571431,223,0.139,0.115,0.008,109,0.725,0.689,0.021,62,0.226,0.255,-0.017,0.329,0.246,-0.009,0.363,0.296,110.4,"Matt Adams"
"163",571448,814,0.075,0.104,-0.034,373,0.657,0.612,0.042,222,0.306,0.257,0.066,0.327,0.325,-0.021,0.365,0.297,111.63,"Nolan Arenado"
"164",571466,611,0.115,0.1,0.006,288,0.639,0.675,-0.034,255,0.267,0.312,-0.026,0.343,0.278,-0.024,0.379,0.315,110.34,"Tucker Barnhart"
"165",571602,257,0.128,0.123,0.009,120,0.65,0.691,-0.023,93,0.323,0.339,0.015,0.332,0.243,-0.021,0.366,0.304,110.05,"Matt Davidson"
"166",571657,371,0.132,0.114,0.015,165,0.576,0.633,-0.046,117,0.274,0.274,0.021,0.328,0.271,-0.017,0.351,0.31,107.23,"Kyle Farmer"
"167",571679,5,0.4,0.211,0.01,1,1,0.76,0.004,4,0.25,0.402,-0.018,NA,NA,NA,0.383,0.306,NA,"David Freitas"
"168",571718,751,0.126,0.115,0.007,383,0.595,0.67,-0.066,238,0.185,0.314,-0.09,0.339,0.291,0.006,0.376,0.312,111.09,"Brian Goodwin"
"169",571740,161,0.118,0.091,0.011,93,0.806,0.612,0.129,54,0.241,0.233,0.021,0.34,0.19,-0.041,0.374,0.293,109.99,"Billy Hamilton"
"170",571771,817,0.095,0.112,-0.02,387,0.698,0.652,0.038,241,0.328,0.323,0.036,0.334,0.299,-0.016,0.369,0.301,110.54,"Enrique Hernandez"
"171",571788,636,0.079,0.114,-0.039,307,0.612,0.68,-0.058,232,0.259,0.34,-0.062,0.338,0.241,-0.06,0.382,0.31,113.02,"Brock Holt"
"172",571875,593,0.101,0.109,-0.009,282,0.645,0.683,-0.034,207,0.208,0.306,-0.061,0.337,0.273,-0.036,0.369,0.309,109.34,"Jake Lamb"
"173",571970,1721,0.094,0.115,-0.025,763,0.57,0.663,-0.088,672,0.179,0.299,-0.088,0.335,0.333,-0.03,0.39,0.308,116.37,"Max Muncy"
"174",571974,308,0.205,0.116,0.065,158,0.652,0.664,-0.005,69,0.319,0.286,0.049,0.329,0.201,-0.01,0.355,0.299,107.96,"J. R. Murphy"
"175",571976,1220,0.127,0.115,0.006,569,0.624,0.658,-0.035,381,0.265,0.309,-0.01,0.333,0.405,0.095,0.373,0.304,112,"Wil Myers"
"176",571980,780,0.167,0.109,0.047,379,0.802,0.671,0.122,290,0.241,0.26,0.002,0.333,0.261,-0.009,0.356,0.297,107.16,"Tyler Naquin"
"177",572008,155,0.187,0.102,0.051,73,0.699,0.662,0.028,58,0.431,0.251,0.142,0.33,0.331,0.01,0.345,0.311,104.8,"Chris Owings"
"178",572033,70,0.086,0.109,-0.008,33,0.515,0.615,-0.035,27,0.296,0.302,0.017,0.326,0.239,-0.011,0.35,0.307,107.55,"Josh Phegley"
"179",572039,781,0.168,0.116,0.042,377,0.729,0.641,0.083,245,0.384,0.319,0.086,0.337,0.254,-0.015,0.363,0.302,107.66,"Stephen Piscotty"
"180",572041,1132,0.103,0.109,-0.008,553,0.647,0.632,0.013,318,0.299,0.284,0.04,0.331,0.362,0.035,0.364,0.304,109.87,"AJ Pollock"
"181",572073,42,0.048,0.109,-0.027,18,0.778,0.558,0.058,18,0.333,0.278,0.028,0.33,0.117,-0.026,0.373,0.291,113.15,"Joey Rickard"
"182",572122,1213,0.081,0.11,-0.034,586,0.609,0.646,-0.029,481,0.229,0.286,-0.027,0.336,0.334,-0.047,0.381,0.306,113.35,"Kyle Seager"
"183",572180,28,0,0.089,-0.023,12,0.333,0.561,-0.051,6,0.333,0.326,0.003,0.319,0.35,-0.015,0.416,0.292,130.48,"Andrew Susac"
"184",572191,492,0.136,0.115,0.016,248,0.698,0.673,0.028,175,0.223,0.344,-0.074,0.342,0.314,-0.006,0.379,0.31,110.82,"Michael Taylor"
"185",572228,1401,0.128,0.116,0.005,658,0.792,0.653,0.129,409,0.279,0.281,0.02,0.33,0.397,0.066,0.371,0.288,112.31,"Luke Voit"
"186",572233,1224,0.124,0.116,0.001,589,0.73,0.654,0.066,360,0.311,0.325,0.014,0.335,0.342,0.01,0.368,0.302,109.73,"Christian Walker"
"187",572287,663,0.193,0.112,0.065,313,0.706,0.686,0.019,214,0.285,0.346,-0.027,0.33,0.306,0.053,0.36,0.297,109.16,"Mike Zunino"
"188",572365,40,0,0.083,-0.024,19,0.579,0.633,-0.02,19,0.158,0.238,-0.025,0.351,0.07,-0.027,0.369,0.341,105.07,"Ryan Goins"
"189",572761,1083,0.113,0.115,-0.009,508,0.602,0.682,-0.066,354,0.153,0.31,-0.124,0.338,0.301,-0.043,0.375,0.314,111.17,"Matt Carpenter"
"190",572816,1217,0.128,0.111,0.005,607,0.738,0.686,0.048,482,0.301,0.307,0.013,0.338,0.325,-0.001,0.368,0.303,109.03,"Corey Dickerson"
"191",572821,50,0.04,0.095,-0.019,24,0.625,0.586,0.002,19,0.158,0.418,-0.093,0.348,0.156,-0.017,0.367,0.336,105.64,"Brian Dozier"
"192",572863,247,0.13,0.106,0.02,121,0.645,0.656,-0.005,59,0.153,0.288,-0.073,0.33,0.224,-0.026,0.366,0.306,111.07,"Dustin Garneau"
"193",573131,569,0.102,0.111,-0.016,309,0.576,0.67,-0.087,164,0.165,0.261,-0.064,0.345,0.365,0.025,0.379,0.322,109.83,"Darin Ruf"
"194",573262,1178,0.09,0.109,-0.024,583,0.569,0.666,-0.091,467,0.178,0.286,-0.073,0.338,0.429,0.099,0.373,0.317,110.61,"Mike Yastrzemski"
"195",575929,1159,0.146,0.109,0.03,529,0.664,0.649,0.02,357,0.277,0.299,0.005,0.328,0.346,0.008,0.358,0.302,109.06,"Willson Contreras"
"196",576397,809,0.143,0.117,0.023,387,0.615,0.673,-0.048,256,0.258,0.317,-0.019,0.335,0.346,0.039,0.369,0.31,110.11,"Jedd Gyorko"
"197",578428,735,0.069,0.106,-0.036,375,0.611,0.634,-0.022,187,0.321,0.284,0.054,0.332,0.424,0.051,0.358,0.309,107.67,"José Iglesias"
"198",588751,296,0.105,0.113,-0.01,159,0.774,0.659,0.084,80,0.45,0.349,0.094,0.342,0.279,-0.028,0.368,0.298,107.79,"Adeiny Hechavarria"
"199",591712,10,0.1,0.101,-0.001,3,0.333,0.454,-0.01,2,0,0.437,-0.029,0.334,0.45,0.007,0.346,0.325,103.63,"Oscar Hernandez"
"200",591720,15,0.067,0.116,-0.005,9,0.778,0.486,0.048,4,0,0.204,-0.021,0.338,0.179,-0.012,0.368,0.294,108.81,"Ronald Torreyes"
"201",591741,459,0.131,0.116,0.012,235,0.749,0.656,0.087,93,0.419,0.245,0.16,0.33,0.312,-0.013,0.364,0.289,110.49,"Jose Osuna"
"202",592178,748,0.122,0.105,0.011,355,0.744,0.658,0.082,230,0.265,0.31,-0.021,0.333,0.296,-0.016,0.373,0.297,111.94,"Kris Bryant"
"203",592192,1389,0.077,0.115,-0.039,689,0.575,0.664,-0.078,353,0.193,0.338,-0.1,0.337,0.346,-0.006,0.375,0.312,111.21,"Mark Canha"
"204",592200,547,0.117,0.112,0.004,260,0.635,0.659,-0.025,152,0.197,0.279,-0.047,0.334,0.398,0.058,0.379,0.305,113.42,"Curt Casali"
"205",592206,1260,0.163,0.109,0.049,521,0.741,0.651,0.087,324,0.38,0.28,0.117,0.321,0.339,0.047,0.354,0.286,110.44,"Nick Castellanos"
"206",592261,695,0.115,0.102,0.011,351,0.678,0.658,0.021,168,0.22,0.292,-0.038,0.339,0.278,-0.035,0.377,0.307,111.25,"Delino DeShields"
"207",592273,175,0.086,0.114,-0.019,85,0.635,0.67,-0.019,42,0.381,0.306,0.068,0.332,0.155,-0.054,0.356,0.308,107.04,"Brandon Drury"
"208",592325,642,0.1,0.109,-0.014,318,0.601,0.672,-0.064,242,0.186,0.295,-0.074,0.342,0.336,0.007,0.373,0.32,108.95,"Ben Gamel"
"209",592348,992,0.159,0.122,0.031,443,0.648,0.672,-0.017,347,0.28,0.289,0.017,0.328,0.264,-0.005,0.364,0.299,111.14,"Niko Goodrum"
"210",592387,30,0.133,0.094,0.006,14,0.714,0.521,0.042,9,0.333,0.309,0.012,0.359,0.082,-0.023,0.382,0.331,106.41,"Ryon Healy"
"211",592407,123,0.098,0.094,-0.004,67,0.627,0.652,-0.017,31,0.161,0.17,0.008,0.34,0.228,-0.026,0.38,0.312,111.74,"Bryan Holaday"
"212",592444,500,0.132,0.114,0.011,233,0.575,0.659,-0.069,118,0.305,0.27,0.058,0.327,0.362,0.047,0.357,0.307,109.2,"JaCoby Jones"
"213",592450,822,0.141,0.109,0.023,358,0.67,0.654,0.009,234,0.239,0.277,-0.016,0.33,0.347,0.027,0.369,0.298,111.89,"Aaron Judge"
"214",592518,1330,0.087,0.106,-0.022,626,0.69,0.64,0.043,373,0.268,0.288,0.005,0.336,0.38,0.036,0.372,0.303,110.76,"Manny Machado"
"215",592530,665,0.131,0.125,0,300,0.577,0.659,-0.067,252,0.242,0.31,-0.036,0.329,0.336,0.014,0.361,0.31,109.57,"Jose Marmolejos"
"216",592567,1003,0.122,0.107,0.012,427,0.689,0.665,0.026,370,0.332,0.294,0.057,0.331,0.36,0.043,0.357,0.306,107.86,"Colin Moran"
"217",592622,148,0.162,0.095,0.027,75,0.707,0.627,0.047,52,0.346,0.33,0.028,0.347,0.219,-0.026,0.375,0.319,107.95,"Mark Payton"
"218",592626,823,0.137,0.123,0.008,382,0.66,0.659,0,273,0.289,0.294,0.021,0.326,0.328,0.014,0.36,0.298,110.65,"Joc Pederson"
"219",592660,184,0.12,0.122,-0.005,93,0.699,0.702,-0.005,56,0.232,0.364,-0.07,0.338,0.229,-0.034,0.359,0.317,106.18,"Rangel Ravelo"
"220",592663,1012,0.119,0.105,0.01,475,0.655,0.627,0.017,257,0.284,0.285,0.023,0.329,0.348,0.017,0.372,0.298,112.91,"J. T. Realmuto"
"221",592669,814,0.133,0.122,0.007,386,0.57,0.647,-0.069,239,0.331,0.313,0.038,0.324,0.297,0.002,0.358,0.301,110.42,"Hunter Renfroe"
"222",592680,19,0.263,0.134,0.025,10,0.9,0.691,0.036,6,0.333,0.376,0.001,0.337,0.18,-0.005,0.363,0.282,107.62,"Yadiel Rivera"
"223",592696,1047,0.112,0.114,-0.009,442,0.701,0.624,0.075,425,0.386,0.322,0.09,0.328,0.334,-0.002,0.356,0.295,108.46,"Eddie Rosario"
"224",592743,585,0.063,0.105,-0.04,291,0.629,0.654,-0.022,154,0.312,0.246,0.079,0.338,0.34,-0.014,0.369,0.309,109.33,"Andrelton Simmons"
"225",592863,102,0.196,0.125,0.037,41,0.732,0.673,0.027,41,0.39,0.343,0.046,0.319,0.152,-0.008,0.342,0.291,106.98,"Mason Williams"
"226",592885,1480,0.102,0.113,-0.013,613,0.577,0.671,-0.086,617,0.173,0.312,-0.103,0.333,0.361,0.032,0.377,0.31,113.11,"Christian Yelich"
"227",593160,1280,0.07,0.109,-0.04,625,0.712,0.656,0.051,346,0.329,0.282,0.072,0.332,0.333,-0.014,0.368,0.297,110.85,"Whit Merrifield"
"228",593428,1207,0.09,0.114,-0.027,616,0.635,0.667,-0.026,301,0.279,0.295,0.013,0.334,0.371,0.031,0.369,0.303,110.57,"Xander Bogaerts"
"229",593528,463,0.153,0.116,0.03,219,0.758,0.652,0.094,110,0.282,0.287,0.02,0.331,0.268,-0.02,0.36,0.295,109.01,"Jorge Bonifacio"
"230",593643,895,0.083,0.107,-0.028,409,0.753,0.624,0.115,273,0.553,0.289,0.267,0.326,0.317,-0.011,0.346,0.29,106.14,"Hanser Alberto"
"231",593871,1153,0.069,0.115,-0.051,571,0.639,0.684,-0.036,381,0.239,0.294,-0.024,0.338,0.286,-0.057,0.376,0.308,111.37,"Jorge Polanco"
"232",593934,1151,0.188,0.117,0.06,532,0.705,0.668,0.038,262,0.267,0.3,-0.003,0.327,0.308,0.068,0.367,0.293,112.03,"Miguel Sano"
"233",593993,32,0.125,0.085,0.011,10,0.4,0.631,-0.044,7,0.429,0.295,0.035,0.27,0.23,-0.005,0.324,0.248,120.07,"Jose Briceno"
"234",594694,79,0.076,0.097,-0.011,45,0.733,0.718,0.007,30,0.233,0.23,0.011,0.342,0.176,-0.028,0.388,0.295,113.48,"Wilmer Difo"
"235",594777,1141,0.143,0.112,0.022,522,0.739,0.675,0.058,461,0.206,0.322,-0.081,0.339,0.358,0.003,0.378,0.304,111.67,"Kole Calhoun"
"236",594807,1177,0.138,0.115,0.018,569,0.687,0.679,0.003,308,0.347,0.344,0.029,0.332,0.343,0.045,0.364,0.3,109.7,"Adam Duvall"
"237",594809,788,0.075,0.109,-0.037,382,0.678,0.666,0.013,322,0.307,0.378,-0.039,0.341,0.272,-0.046,0.365,0.318,107.07,"Adam Eaton"
"238",594824,363,0.063,0.102,-0.03,189,0.534,0.672,-0.111,123,0.187,0.322,-0.079,0.341,0.219,-0.056,0.38,0.321,111.19,"Greg Garcia"
"239",594838,504,0.087,0.115,-0.021,232,0.582,0.67,-0.081,173,0.243,0.314,-0.034,0.333,0.295,-0.006,0.366,0.31,109.75,"Philip Gosselin"
"240",594988,3,0.333,0.088,0.007,1,1,0.669,0.007,2,0.5,0.154,0.024,0.324,0,-0.003,0.366,0.241,112.85,"Scott Schebler"
"241",595281,966,0.143,0.119,0.013,447,0.738,0.67,0.06,400,0.242,0.322,-0.053,0.331,0.32,-0.002,0.37,0.297,111.78,"Kevin Kiermaier"
"242",595284,468,0.124,0.104,0.01,226,0.726,0.661,0.045,166,0.217,0.308,-0.056,0.333,0.376,0.007,0.376,0.293,113,"Andrew Knapp"
"243",595375,374,0.136,0.115,0.015,177,0.802,0.668,0.113,161,0.342,0.305,0.048,0.337,0.201,-0.069,0.372,0.296,110.2,"JT Riddle"
"244",595453,350,0.149,0.109,0.028,198,0.621,0.661,-0.028,93,0.226,0.267,-0.027,0.347,0.272,-0.018,0.376,0.323,108.29,"Chad Wallach"
"245",595751,513,0.251,0.114,0.11,216,0.787,0.639,0.113,204,0.441,0.265,0.177,0.326,0.252,0.002,0.352,0.286,107.89,"Jorge Alfaro"
"246",595777,1090,0.091,0.112,-0.025,542,0.681,0.679,-0.003,375,0.291,0.345,-0.026,0.341,0.354,0.007,0.371,0.313,108.74,"Jurickson Profar"
"247",595879,1192,0.19,0.108,0.074,503,0.734,0.663,0.068,377,0.401,0.257,0.156,0.318,0.26,-0.014,0.351,0.282,110.28,"Javier Baez"
"248",595909,662,0.171,0.109,0.047,315,0.663,0.678,-0.011,247,0.324,0.326,0.031,0.338,0.334,0.043,0.369,0.307,109.18,"Jake Cave"
"249",595943,159,0.164,0.102,0.037,78,0.705,0.629,0.05,45,0.133,0.266,-0.069,0.335,0.413,0.017,0.372,0.303,111.13,"Phillip Evans"
"250",595956,311,0.071,0.112,-0.033,157,0.541,0.642,-0.079,72,0.194,0.281,-0.039,0.343,0.334,0.01,0.367,0.322,106.93,"Cam Gallagher"
"251",595978,426,0.089,0.109,-0.018,204,0.559,0.675,-0.093,136,0.25,0.319,-0.031,0.342,0.21,-0.06,0.371,0.322,108.39,"Austin Hedges"
"252",595981,202,0.119,0.11,0.002,99,0.657,0.643,0.005,52,0.385,0.267,0.098,0.334,0.201,-0.042,0.358,0.307,107.06,"Scott Heineman"
"253",596019,1480,0.094,0.114,-0.022,654,0.728,0.683,0.044,566,0.295,0.315,0.009,0.334,0.325,-0.03,0.371,0.296,111.03,"Francisco Lindor"
"254",596056,14,0.071,0.08,-0.002,7,0.429,0.665,-0.036,6,0.167,0.233,-0.014,0.33,0.225,-0.002,0.378,0.31,114.59,"John Nogowski"
"255",596059,712,0.122,0.119,0.003,361,0.676,0.664,0.015,268,0.317,0.367,-0.006,0.342,0.282,0.001,0.368,0.314,107.49,"Rougned Odor"
"256",596103,542,0.101,0.11,-0.014,261,0.632,0.648,-0.018,164,0.183,0.28,-0.063,0.336,0.372,0.004,0.374,0.31,111.31,"Austin Slater"
"257",596105,270,0.107,0.114,-0.01,126,0.595,0.659,-0.05,105,0.248,0.32,-0.04,0.337,0.286,-0.013,0.368,0.315,109.35,"Dwight Smith"
"258",596115,1354,0.102,0.108,-0.012,606,0.65,0.664,-0.01,450,0.28,0.303,0.006,0.332,0.364,0.055,0.369,0.305,111.1,"Trevor Story"
"259",596117,24,0.125,0.121,-0.003,16,0.812,0.627,0.049,7,0.143,0.152,0.007,0.337,0.09,-0.025,0.357,0.304,105.84,"Garrett Stubbs"
"260",596129,803,0.073,0.109,-0.036,417,0.508,0.678,-0.15,268,0.157,0.293,-0.093,0.345,0.324,0.002,0.382,0.324,110.91,"Dan Vogelbach"
"261",596142,1048,0.136,0.11,0.02,474,0.62,0.668,-0.045,297,0.236,0.277,-0.007,0.331,0.249,-0.032,0.36,0.308,108.77,"Gary Sanchez"
"262",596144,3,0,0.139,-0.004,3,0.333,0.66,-0.022,NA,NA,NA,NA,0.353,0,-0.004,0.389,0.335,110.11,"Cheslor Cuthbert"
"263",596146,1027,0.088,0.114,-0.03,497,0.666,0.657,0.013,369,0.233,0.298,-0.033,0.337,0.352,-0.013,0.376,0.306,111.73,"Max Kepler"
"264",596451,581,0.143,0.108,0.028,325,0.671,0.679,-0.012,185,0.243,0.319,-0.038,0.343,0.269,-0.02,0.381,0.309,110.9,"Roman Quinn"
"265",596748,1216,0.108,0.114,-0.01,543,0.727,0.652,0.066,330,0.37,0.293,0.1,0.326,0.346,0.001,0.364,0.289,111.49,"Maikel Franco"
"266",596847,899,0.107,0.115,-0.012,438,0.642,0.661,-0.022,330,0.179,0.304,-0.089,0.334,0.344,-0.004,0.375,0.303,112.37,"Ji-Man Choi"
"267",598265,1123,0.099,0.101,-0.006,552,0.668,0.652,0.015,424,0.172,0.278,-0.075,0.339,0.393,0.048,0.374,0.308,110.36,"Jackie Bradley"
"268",599096,46,0.152,0.125,0.008,27,0.741,0.713,0.012,9,0.111,0.359,-0.067,0.336,0.088,-0.007,0.377,0.286,112.31,"Dilson Herrera"
"269",600303,1276,0.036,0.107,-0.07,659,0.53,0.657,-0.115,454,0.198,0.309,-0.078,0.345,0.354,-0.029,0.378,0.325,109.69,"Tommy La Stella"
"270",600474,918,0.115,0.108,0.003,399,0.667,0.667,-0.002,280,0.296,0.305,0.017,0.329,0.303,-0.024,0.363,0.301,110.4,"Pedro Severino"
"271",600524,1078,0.143,0.118,0.017,487,0.665,0.658,0.006,328,0.357,0.306,0.072,0.328,0.368,0.066,0.35,0.304,106.9,"Renato Nunez"
"272",600869,1003,0.102,0.118,-0.021,455,0.675,0.672,0.006,390,0.21,0.307,-0.067,0.336,0.381,0.038,0.368,0.309,109.64,"Jeimer Candelario"
"273",602104,187,0.102,0.111,-0.005,97,0.629,0.666,-0.026,50,0.24,0.308,-0.026,0.339,0.438,0.044,0.37,0.313,108.96,"Ramon Urias"
"274",605113,1043,0.115,0.114,-0.005,475,0.688,0.644,0.038,240,0.258,0.302,-0.014,0.333,0.323,0.004,0.363,0.305,109.1,"Nick Ahmed"
"275",605119,1263,0.164,0.112,0.038,568,0.72,0.65,0.059,398,0.304,0.319,0.006,0.33,0.336,0.033,0.366,0.295,111.1,"Brian Anderson"
"276",605131,576,0.089,0.106,-0.02,307,0.648,0.66,-0.014,148,0.135,0.279,-0.096,0.34,0.316,-0.027,0.38,0.311,111.87,"Austin Barnes"
"277",605137,1086,0.136,0.112,0.018,451,0.723,0.659,0.061,397,0.315,0.284,0.053,0.327,0.287,-0.017,0.369,0.29,112.71,"Josh Bell"
"278",605141,1481,0.051,0.112,-0.063,729,0.578,0.652,-0.07,422,0.216,0.341,-0.092,0.336,0.405,0.047,0.371,0.314,110.42,"Mookie Betts"
"279",605170,704,0.102,0.115,-0.015,332,0.63,0.666,-0.03,235,0.217,0.284,-0.045,0.334,0.296,-0.027,0.377,0.304,112.78,"Victor Caratini"
"280",605196,82,0.171,0.11,0.024,32,0.719,0.676,0.012,29,0.207,0.215,0.009,0.312,0.105,-0.027,0.333,0.289,106.8,"Kevin Cron"
"281",605204,1191,0.123,0.11,0.009,604,0.649,0.662,-0.017,347,0.225,0.291,-0.035,0.335,0.325,-0.022,0.373,0.304,111.32,"J. D. Davis"
"282",605233,204,0.113,0.124,-0.009,89,0.573,0.697,-0.084,76,0.211,0.31,-0.056,0.338,0.304,-0.011,0.373,0.319,110.29,"Derek Fisher"
"283",605353,343,0.076,0.122,-0.039,166,0.614,0.67,-0.038,123,0.203,0.335,-0.072,0.342,0.28,-0.039,0.376,0.316,109.89,"Vimael Machin"
"284",605412,724,0.07,0.109,-0.04,333,0.634,0.657,-0.023,315,0.216,0.313,-0.058,0.335,0.284,-0.07,0.383,0.306,114.24,"Joe Panik"
"285",605421,507,0.116,0.116,-0.003,244,0.656,0.659,-0.008,196,0.327,0.333,0.015,0.336,0.24,-0.048,0.369,0.308,109.92,"Michael Perez"
"286",605480,176,0.136,0.117,0.01,103,0.699,0.684,0.012,51,0.373,0.363,0.029,0.351,0.179,-0.04,0.381,0.317,108.49,"Mallex Smith"
"287",605490,318,0.17,0.117,0.037,162,0.605,0.667,-0.055,73,0.342,0.348,0.02,0.332,0.204,-0.008,0.346,0.313,104.06,"Bubba Starling"
"288",605548,213,0.127,0.117,-0.004,87,0.678,0.678,0.003,71,0.099,0.281,-0.119,0.324,0.298,-0.024,0.373,0.293,115.32,"Bradley Zimmer"
"289",605612,281,0.11,0.114,-0.01,139,0.669,0.683,-0.009,88,0.307,0.286,0.029,0.34,0.391,0.039,0.357,0.317,105.24,"Harold Castro"
"290",606115,968,0.101,0.11,-0.011,456,0.675,0.639,0.037,272,0.276,0.266,0.035,0.334,0.343,0.008,0.371,0.303,111.12,"Orlando Arcia"
"291",606132,1101,0.077,0.099,-0.029,554,0.7,0.677,0.024,399,0.278,0.283,0.024,0.339,0.357,0.022,0.371,0.308,109.29,"Raimel Tapia"
"292",606157,369,0.16,0.117,0.037,151,0.695,0.665,0.025,106,0.377,0.265,0.097,0.318,0.308,0.012,0.343,0.289,107.89,"Aristides Aquino"
"293",606192,1157,0.153,0.123,0.022,562,0.628,0.672,-0.041,318,0.352,0.339,0.039,0.332,0.382,0.09,0.364,0.304,109.73,"Teoscar Hernandez"
"294",606213,6,0,0.072,-0.005,3,0.667,0.62,0,2,0,0.122,-0.008,0.354,0,-0.004,0.419,0.322,118.36,"Yermin Mercedes"
"295",606299,487,0.103,0.113,-0.015,234,0.697,0.64,0.049,161,0.354,0.267,0.1,0.326,0.272,-0.035,0.353,0.293,108.06,"Jose Peraza"
"296",606466,891,0.052,0.112,-0.062,457,0.589,0.637,-0.051,290,0.259,0.313,-0.022,0.336,0.34,-0.008,0.365,0.313,108.63,"Ketel Marte"
"297",606988,256,0.152,0.112,0.025,124,0.71,0.655,0.044,61,0.328,0.328,0.029,0.334,0.215,-0.017,0.37,0.303,110.59,"Grayson Greiner"
"298",606992,147,0.177,0.126,0.033,68,0.632,0.674,-0.007,17,0.471,0.298,0.085,0.324,0.226,-0.006,0.352,0.3,108.32,"Eric Haase"
"299",607043,1184,0.094,0.105,-0.014,582,0.682,0.69,-0.009,465,0.148,0.314,-0.126,0.34,0.372,0,0.382,0.31,112.1,"Brandon Nimmo"
"300",607054,444,0.117,0.12,-0.01,211,0.607,0.681,-0.058,156,0.147,0.307,-0.118,0.331,0.419,0.04,0.369,0.309,111.54,"Jace Peterson"
"301",607208,1302,0.089,0.107,-0.024,639,0.698,0.669,0.028,342,0.319,0.329,0.007,0.339,0.441,0.068,0.373,0.308,110.12,"Trea Turner"
"302",607333,103,0.184,0.105,0.039,50,0.68,0.683,-0.003,38,0.184,0.335,-0.069,0.345,0.096,-0.033,0.373,0.323,108.08,"Beau Taylor"
"303",607345,222,0.104,0.125,-0.017,108,0.648,0.699,-0.035,54,0.278,0.321,-0.013,0.337,0.373,0.007,0.372,0.313,110.53,"Kevan Smith"
"304",607461,250,0.14,0.113,0.014,133,0.707,0.695,0.004,72,0.194,0.235,-0.014,0.33,0.286,-0.009,0.375,0.29,113.62,"Matt Beaty"
"305",607680,1073,0.124,0.11,0.006,536,0.668,0.665,0.003,317,0.385,0.307,0.102,0.337,0.371,0.036,0.361,0.309,107.13,"Kevin Pillar"
"306",607732,862,0.093,0.109,-0.018,394,0.591,0.656,-0.053,234,0.231,0.281,-0.019,0.327,0.312,-0.003,0.37,0.303,113.13,"Jacob Stallings"
"307",608070,1539,0.056,0.117,-0.06,724,0.635,0.664,-0.028,571,0.226,0.316,-0.061,0.335,0.464,0.098,0.374,0.307,111.56,"Jose Ramirez"
"308",608324,1172,0.045,0.109,-0.065,557,0.571,0.657,-0.079,358,0.223,0.317,-0.062,0.336,0.329,-0.039,0.377,0.312,112.34,"Alex Bregman"
"309",608336,1215,0.149,0.109,0.036,634,0.661,0.665,-0.002,423,0.175,0.3,-0.089,0.345,0.292,-0.013,0.384,0.313,111.29,"Joey Gallo"
"310",608348,663,0.112,0.105,0,361,0.62,0.678,-0.058,158,0.203,0.27,-0.04,0.341,0.292,-0.004,0.376,0.316,110.21,"Carson Kelly"
"311",608369,1330,0.122,0.112,0.004,612,0.824,0.656,0.16,514,0.284,0.287,0.028,0.328,0.423,0.062,0.37,0.279,113.06,"Corey Seager"
"312",608385,1054,0.098,0.109,-0.013,492,0.659,0.661,-0.002,424,0.177,0.306,-0.096,0.337,0.41,0.061,0.379,0.307,112.5,"Jesse Winker"
"313",608475,46,0.087,0.119,-0.013,17,0.706,0.609,0.032,10,0.2,0.207,0.002,0.316,0.227,-0.014,0.361,0.287,114.11,"Dawel Lugo"
"314",608577,854,0.111,0.115,-0.008,391,0.611,0.663,-0.038,316,0.342,0.317,0.05,0.333,0.281,-0.015,0.36,0.307,108.04,"Nomar Mazara"
"315",608597,453,0.148,0.107,0.031,195,0.728,0.678,0.041,179,0.29,0.28,0.032,0.335,0.37,0.043,0.368,0.3,109.97,"Ronald Guzman"
"316",608671,76,0.118,0.116,-0.008,32,0.594,0.671,-0.023,31,0.258,0.383,-0.055,0.331,0.135,-0.019,0.372,0.308,112.42,"Travis Jankowski"
"317",608686,243,0.14,0.114,0.013,116,0.759,0.675,0.057,66,0.364,0.327,0.042,0.323,0.229,-0.026,0.353,0.294,109.3,"Jack Mayfield"
"318",608700,432,0.074,0.112,-0.034,212,0.646,0.643,0.006,103,0.359,0.359,0.023,0.345,0.421,0.034,0.375,0.316,108.79,"Kevin Plawecki"
"319",608701,149,0.134,0.124,0.005,77,0.753,0.712,0.029,49,0.245,0.276,0.003,0.34,0.231,-0.014,0.374,0.303,110.06,"Rob Refsnyder"
"320",608703,45,0.133,0.137,0,23,0.609,0.672,-0.018,11,0.182,0.435,-0.061,0.341,0,-0.013,0.352,0.332,103.34,"Matt Reynolds"
"321",609275,1072,0.201,0.117,0.072,500,0.764,0.673,0.083,385,0.33,0.28,0.075,0.333,0.33,0.034,0.366,0.29,109.86,"Adalberto Mondesi"
"322",609280,307,0.085,0.116,-0.026,132,0.636,0.644,-0.007,101,0.406,0.273,0.131,0.324,0.283,-0.025,0.361,0.294,111.37,"Miguel Andujar"
"323",613534,6,0,0.05,-0.002,6,0,0.596,-0.066,NA,NA,NA,NA,NA,NA,NA,NA,0.382,NA,"Austin Adams"
"324",614173,232,0.099,0.106,-0.005,114,0.798,0.688,0.075,87,0.23,0.3,-0.027,0.341,0.377,-0.011,0.385,0.295,112.94,"Franchy Cordero"
"325",614177,1297,0.164,0.113,0.043,569,0.692,0.659,0.036,363,0.32,0.243,0.098,0.324,0.355,0.054,0.365,0.29,112.7,"Franmil Reyes"
"326",620439,142,0.246,0.107,0.085,68,0.544,0.627,-0.046,38,0.158,0.29,-0.052,0.329,0.068,-0.027,0.345,0.315,105.11,"Franklin Barreto"
"327",620443,424,0.073,0.095,-0.024,215,0.586,0.647,-0.044,111,0.189,0.247,-0.023,0.334,0.292,-0.028,0.377,0.308,113.13,"Luis Torrens"
"328",620453,25,0.16,0.101,0.013,7,0.571,0.666,-0.014,12,0.583,0.257,0.109,0.301,0.4,0.002,0.315,0.288,104.62,"Deivy Grullon"
"329",621002,141,0.113,0.103,0.007,73,0.671,0.608,0.035,41,0.22,0.273,-0.019,0.343,0.408,0.023,0.37,0.32,107.84,"Daniel Robertson"
"330",621005,725,0.145,0.109,0.025,363,0.73,0.677,0.052,203,0.379,0.301,0.094,0.336,0.295,-0.019,0.369,0.302,109.6,"Tim Lopes"
"331",621011,92,0.076,0.113,-0.026,47,0.723,0.686,0.02,38,0.421,0.351,0.047,0.345,0.165,-0.016,0.373,0.306,108.05,"Max Schrock"
"332",621020,1592,0.14,0.11,0.023,774,0.711,0.641,0.06,419,0.289,0.286,0.022,0.337,0.372,0.066,0.375,0.302,111.44,"Dansby Swanson"
"333",621028,792,0.053,0.106,-0.054,373,0.582,0.644,-0.053,235,0.289,0.293,0.016,0.334,0.267,-0.068,0.366,0.313,109.46,"Kevin Newman"
"334",621035,1354,0.117,0.11,0.003,654,0.703,0.652,0.048,392,0.14,0.286,-0.109,0.334,0.358,0.038,0.382,0.298,114.39,"Chris Taylor"
"335",621043,1308,0.1,0.115,-0.019,587,0.651,0.655,-0.001,343,0.35,0.313,0.063,0.332,0.36,0.039,0.363,0.304,109.3,"Carlos Correa"
"336",621219,4,0,0.066,-0.003,2,0,0.578,-0.025,NA,NA,NA,NA,NA,NA,NA,NA,0.358,NA,"Alec Mills"
"337",621311,395,0.154,0.116,0.027,202,0.728,0.668,0.049,152,0.322,0.3,0.039,0.337,0.225,-0.039,0.368,0.3,109.16,"David Dahl"
"338",621433,329,0.158,0.107,0.031,164,0.665,0.663,-0.003,129,0.155,0.298,-0.105,0.338,0.31,-0.01,0.379,0.308,112.05,"Brett Phillips"
"339",621438,226,0.124,0.112,0.009,106,0.745,0.664,0.066,73,0.288,0.304,0.015,0.336,0.274,-0.012,0.37,0.301,110.21,"Tyrone Taylor"
"340",621439,544,0.18,0.107,0.059,262,0.782,0.648,0.121,165,0.503,0.331,0.17,0.33,0.339,0.052,0.35,0.299,106.13,"Byron Buxton"
"341",621446,609,0.154,0.119,0.026,292,0.736,0.673,0.046,153,0.314,0.289,0.042,0.335,0.252,-0.035,0.36,0.306,107.65,"Lewis Brinson"
"342",621453,171,0.07,0.11,-0.03,101,0.564,0.662,-0.076,47,0.213,0.308,-0.027,0.345,0.237,-0.027,0.39,0.319,112.8,"Steven Duggar"
"343",621458,478,0.167,0.106,0.047,218,0.665,0.691,-0.017,181,0.331,0.28,0.067,0.333,0.386,0.037,0.365,0.302,109.63,"Edwin Rios"
"344",621466,608,0.16,0.111,0.036,284,0.746,0.682,0.052,247,0.198,0.318,-0.088,0.337,0.337,0.009,0.377,0.3,111.83,"DJ Stewart"
"345",621493,519,0.11,0.116,-0.013,268,0.619,0.669,-0.044,133,0.195,0.314,-0.082,0.338,0.312,0.004,0.373,0.314,110.33,"Taylor Ward"
"346",621500,222,0.099,0.109,-0.011,92,0.543,0.692,-0.109,81,0.198,0.291,-0.06,0.333,0.428,0.029,0.367,0.312,109.99,"Wyatt Mathisen"
"347",621512,91,0.154,0.099,0.028,48,0.792,0.669,0.063,28,0.25,0.239,0.025,0.35,0.394,0.013,0.392,0.3,112.19,"Tomas Nido"
"348",621514,461,0.158,0.12,0.029,218,0.716,0.652,0.061,172,0.32,0.273,0.061,0.333,0.247,-0.023,0.364,0.301,109.4,"Christin Stewart"
"349",621529,84,0.071,0.118,-0.027,45,0.533,0.648,-0.052,17,0.176,0.248,-0.013,0.348,0.238,-0.016,0.39,0.324,111.92,"Joe Hudson"
"350",621532,318,0.072,0.101,-0.028,171,0.573,0.64,-0.048,114,0.211,0.275,-0.031,0.345,0.31,-0.021,0.377,0.318,109.3,"Anthony Bemboom"
"351",621550,14,0.143,0.058,0.004,6,1,0.735,0.034,2,0,0.065,-0.011,0.315,0,-0.015,0.438,0.208,139.11,"Patrick Wisdom"
"352",621563,1094,0.085,0.114,-0.034,509,0.644,0.647,-0.003,417,0.341,0.337,0.026,0.33,0.33,0.002,0.353,0.309,106.97,"Joey Wendle"
"353",621566,1349,0.131,0.113,0.012,629,0.666,0.667,0.003,480,0.219,0.293,-0.043,0.337,0.328,0.034,0.382,0.305,113.4,"Matt Olson"
"354",621573,42,0.119,0.101,-0.001,19,0.579,0.688,-0.022,12,0.167,0.254,-0.023,0.332,0.419,0.004,0.364,0.312,109.55,"Austin Dean"
"355",622100,97,0.155,0.128,0.014,55,0.673,0.664,0.002,10,0.2,0.254,-0.015,0.341,0.261,-0.006,0.367,0.31,107.53,"Taylor Jones"
"356",622168,186,0.231,0.118,0.076,78,0.782,0.656,0.086,63,0.619,0.341,0.216,0.335,0.343,0.022,0.345,0.305,102.99,"Yairo Munoz"
"357",622268,69,0.217,0.13,0.039,33,0.758,0.67,0.035,30,0.3,0.36,-0.014,0.317,0.197,-0.012,0.33,0.297,104.04,"Donovan Walton"
"358",622534,917,0.108,0.11,-0.011,452,0.637,0.646,-0.009,255,0.31,0.344,-0.011,0.335,0.336,-0.006,0.365,0.308,108.83,"Manuel Margot"
"359",622666,699,0.146,0.109,0.026,323,0.709,0.681,0.022,277,0.292,0.32,-0.003,0.335,0.289,-0.022,0.375,0.297,112.07,"Johan Camargo"
"360",622682,1028,0.131,0.108,0.018,472,0.691,0.655,0.041,384,0.396,0.273,0.138,0.331,0.329,0.022,0.35,0.307,105.84,"Victor Reyes"
"361",622761,175,0.137,0.114,0.016,83,0.735,0.687,0.035,59,0.322,0.263,0.064,0.324,0.261,-0.005,0.374,0.284,115.41,"Jorge Mateo"
"362",623168,184,0.071,0.108,-0.03,92,0.652,0.622,0.024,68,0.265,0.303,-0.008,0.338,0.235,-0.053,0.38,0.307,112.45,"Tyler Heineman"
"363",623205,391,0.133,0.108,0.015,169,0.68,0.685,-0.002,165,0.297,0.368,-0.031,0.336,0.23,-0.043,0.367,0.311,109.41,"Andrew Velazquez"
"364",623323,177,0.141,0.118,0.007,87,0.724,0.625,0.06,51,0.294,0.326,-0.009,0.331,0.257,-0.021,0.37,0.288,111.91,"Braden Bishop"
"365",623520,782,0.1,0.112,-0.019,380,0.589,0.65,-0.05,242,0.149,0.289,-0.104,0.337,0.314,-0.016,0.375,0.311,111.32,"David Bote"
"366",623912,43,0.163,0.118,0.011,18,0.556,0.658,-0.027,19,0.632,0.365,0.117,0.322,0.227,-0.006,0.332,0.31,103.1,"Harold Ramirez"
"367",623993,694,0.112,0.111,-0.003,281,0.751,0.668,0.071,291,0.371,0.284,0.103,0.324,0.362,0.015,0.354,0.29,109.42,"Anthony Santander"
"368",624407,282,0.117,0.111,0.003,128,0.648,0.679,-0.025,127,0.354,0.323,0.035,0.338,0.165,-0.057,0.362,0.318,107.38,"Tzu-Wei Lin"
"369",624413,1202,0.131,0.111,0.017,551,0.644,0.637,0.003,390,0.233,0.284,-0.019,0.329,0.347,0.025,0.36,0.302,109.41,"Pete Alonso"
"370",624414,262,0.107,0.101,0,127,0.748,0.665,0.061,70,0.414,0.312,0.083,0.343,0.288,-0.022,0.377,0.303,110.07,"Christian Arroyo"
"371",624415,1452,0.082,0.101,-0.024,734,0.578,0.665,-0.083,537,0.145,0.29,-0.114,0.342,0.356,0.007,0.387,0.317,113.25,"Cavan Biggio"
"372",624424,1135,0.103,0.109,-0.01,552,0.643,0.641,0.002,476,0.242,0.307,-0.029,0.338,0.416,0.074,0.372,0.309,110.09,"Michael Conforto"
"373",624428,1150,0.065,0.101,-0.04,565,0.671,0.643,0.03,449,0.218,0.313,-0.06,0.339,0.305,-0.045,0.373,0.31,110.06,"Adam Frazier"
"374",624431,418,0.081,0.103,-0.024,203,0.522,0.641,-0.096,147,0.32,0.288,0.047,0.336,0.298,-0.019,0.364,0.317,108.52,"Jose Trevino"
"375",624512,195,0.082,0.107,-0.021,108,0.694,0.621,0.053,60,0.283,0.325,-0.009,0.34,0.084,-0.087,0.37,0.307,108.79,"Reese McGuire"
"376",624585,939,0.131,0.111,0.015,416,0.56,0.642,-0.076,204,0.186,0.32,-0.095,0.326,0.338,0.044,0.365,0.302,112.07,"Jorge Soler"
"377",625510,67,0.104,0.111,-0.009,35,0.571,0.685,-0.047,21,0.333,0.286,0.037,0.339,0.168,-0.015,0.348,0.328,102.65,"Erick Mejia"
"378",628338,186,0.075,0.095,-0.018,98,0.714,0.654,0.037,47,0.255,0.224,0.038,0.343,0.305,-0.009,0.391,0.294,114.01,"Guillermo Heredia"
"379",628450,209,0.196,0.113,0.046,98,0.806,0.688,0.08,75,0.32,0.313,0.019,0.327,0.3,0.023,0.354,0.291,108.17,"Yadiel Hernández"
"380",630105,1116,0.055,0.103,-0.049,583,0.581,0.659,-0.074,411,0.173,0.3,-0.089,0.342,0.373,0.013,0.378,0.321,110.34,"Jake Cronenworth"
"381",640447,486,0.084,0.11,-0.025,220,0.645,0.701,-0.041,162,0.204,0.283,-0.042,0.334,0.254,-0.05,0.377,0.306,112.8,"Phil Ervin"
"382",640449,1030,0.105,0.114,-0.014,477,0.564,0.666,-0.093,295,0.169,0.29,-0.088,0.336,0.404,0.071,0.387,0.307,115.24,"Clint Frazier"
"383",640457,953,0.134,0.113,0.017,439,0.692,0.668,0.015,400,0.255,0.312,-0.027,0.332,0.285,-0.022,0.364,0.303,109.49,"Austin Meadows"
"384",640458,412,0.138,0.122,0.009,204,0.735,0.649,0.074,88,0.33,0.316,0.04,0.33,0.154,-0.081,0.371,0.292,112.24,"Oscar Mercado"
"385",640459,15,0.133,0.101,0.005,7,0.714,0.526,0.025,4,0.5,0.269,0.037,0.313,0.36,0.003,0.319,0.305,101.69,"Brian Navarreto"
"386",640461,392,0.13,0.113,0.007,197,0.766,0.67,0.082,114,0.263,0.286,0.003,0.332,0.362,0.028,0.366,0.299,110.33,"Chad Pinder"
"387",641313,1121,0.151,0.114,0.035,533,0.737,0.629,0.102,257,0.377,0.283,0.117,0.324,0.39,0.091,0.351,0.291,108.36,"Tim Anderson"
"388",641355,1520,0.096,0.113,-0.021,735,0.663,0.638,0.023,561,0.271,0.283,0.015,0.333,0.371,0.025,0.372,0.304,111.81,"Cody Bellinger"
"389",641432,530,0.057,0.116,-0.053,269,0.669,0.663,0.004,175,0.217,0.281,-0.029,0.34,0.226,-0.079,0.383,0.303,112.72,"Willie Calhoun"
"390",641470,85,0.165,0.092,0.035,48,0.729,0.687,0.02,25,0.04,0.237,-0.091,0.349,0.132,-0.03,0.406,0.306,116.29,"Zack Collins"
"391",641477,46,0.087,0.113,-0.007,22,0.591,0.666,-0.033,10,0.4,0.32,0.026,0.347,0.075,-0.026,0.378,0.325,108.99,"Ryan Cordell"
"392",641487,1180,0.065,0.109,-0.045,593,0.567,0.667,-0.088,461,0.178,0.313,-0.098,0.341,0.327,-0.031,0.376,0.32,109.99,"J. P. Crawford"
"393",641505,244,0.131,0.123,0.001,130,0.662,0.658,-0.001,62,0.258,0.436,-0.111,0.334,0.328,0,0.369,0.302,110.61,"Jonathan Davis"
"394",641513,156,0.16,0.104,0.037,66,0.53,0.614,-0.041,55,0.164,0.25,-0.036,0.326,0.264,-0.003,0.365,0.305,112.13,"Travis Demeritte"
"395",641525,104,0.096,0.1,-0.001,46,0.478,0.58,-0.036,36,0.167,0.162,0.027,0.324,0.139,-0.04,0.383,0.295,118.38,"Brandon Dixon"
"396",641531,1020,0.118,0.12,-0.006,456,0.638,0.641,-0.005,241,0.212,0.29,-0.044,0.327,0.343,0.003,0.367,0.298,112.33,"Hunter Dozier"
"397",641553,524,0.132,0.117,0.011,249,0.695,0.683,0.01,149,0.262,0.254,0.034,0.334,0.379,0.044,0.363,0.301,108.79,"Adam Engel"
"398",641584,190,0.121,0.112,0.002,92,0.63,0.679,-0.029,72,0.236,0.306,-0.03,0.337,0.226,-0.018,0.37,0.31,109.8,"Jake Fraley"
"399",641598,454,0.132,0.118,0.004,219,0.539,0.7,-0.131,122,0.131,0.278,-0.093,0.334,0.257,0.012,0.379,0.31,113.32,"Mitch Garver"
"400",641645,449,0.074,0.114,-0.039,217,0.599,0.692,-0.081,175,0.171,0.334,-0.113,0.339,0.38,0.029,0.382,0.315,112.5,"Luis Guillorme"
"401",641658,1055,0.112,0.106,-0.001,527,0.615,0.685,-0.059,316,0.199,0.294,-0.061,0.338,0.304,0.015,0.377,0.313,111.41,"Garrett Hampson"
"402",641680,179,0.05,0.106,-0.039,85,0.647,0.658,-0.01,70,0.386,0.304,0.079,0.346,0.196,-0.055,0.372,0.317,107.78,"Jonah Heim"
"403",641684,29,0.069,0.091,-0.008,19,0.526,0.563,-0.009,6,0,0.137,-0.024,0.356,0.25,-0.011,0.363,0.35,101.88,"Michael Hermosillo"
"404",641786,1235,0.147,0.108,0.029,564,0.633,0.65,-0.014,391,0.23,0.294,-0.032,0.332,0.345,0.034,0.372,0.305,112.18,"Kyle Lewis"
"405",641796,466,0.052,0.108,-0.05,207,0.541,0.689,-0.129,178,0.213,0.319,-0.065,0.332,0.424,0.044,0.359,0.318,108.16,"Tim Locastro"
"406",641829,88,0.193,0.108,0.039,39,0.692,0.665,0.012,34,0.235,0.261,0.007,0.316,0.147,-0.028,0.362,0.283,114.74,"Jason Martin"
"407",641856,10,0,0.092,-0.01,3,1,0.757,0.017,5,0.6,0.544,0.017,0.341,0.6,0.005,0.396,0.259,116.05,"Billy McKinney"
"408",641857,1099,0.14,0.11,0.021,541,0.675,0.697,-0.018,377,0.207,0.28,-0.046,0.334,0.328,0.027,0.374,0.301,112.14,"Ryan McMahon"
"409",641924,341,0.188,0.105,0.064,168,0.744,0.696,0.045,118,0.347,0.298,0.07,0.337,0.301,0.026,0.366,0.302,108.73,"Jacob Nottingham"
"410",641929,259,0.147,0.113,0.019,134,0.597,0.667,-0.06,55,0.218,0.312,-0.046,0.337,0.197,-0.016,0.367,0.311,109.09,"Joseph Odom"
"411",641933,795,0.146,0.116,0.024,374,0.687,0.651,0.034,212,0.245,0.303,-0.029,0.329,0.282,-0.029,0.371,0.295,112.75,"Tyler O'Neill"
"412",642082,665,0.152,0.118,0.024,314,0.697,0.697,0.003,264,0.178,0.318,-0.105,0.337,0.304,-0.016,0.371,0.31,110.14,"Chance Sisco"
"413",642086,980,0.128,0.104,0.014,476,0.71,0.669,0.036,375,0.32,0.279,0.063,0.335,0.391,0.068,0.367,0.302,109.39,"Dominic Smith"
"414",642133,546,0.099,0.105,-0.014,236,0.686,0.611,0.061,238,0.294,0.274,0.037,0.331,0.391,0.031,0.36,0.305,108.82,"Rowdy Tellez"
"415",642136,110,0.155,0.117,0.02,52,0.731,0.68,0.027,38,0.237,0.331,-0.044,0.338,0.264,-0.01,0.375,0.304,110.91,"Matt Thaiss"
"416",642162,689,0.129,0.108,0.013,305,0.679,0.642,0.028,227,0.33,0.295,0.054,0.33,0.4,0.052,0.366,0.296,110.94,"Pat Valaika"
"417",642165,372,0.11,0.101,0.003,175,0.543,0.663,-0.098,130,0.262,0.284,0.007,0.34,0.246,-0.035,0.372,0.319,109.29,"Josh VanMeter"
"418",642180,545,0.059,0.097,-0.037,307,0.59,0.671,-0.076,181,0.204,0.26,-0.037,0.347,0.271,-0.067,0.381,0.32,109.56,"Tyler Wade"
"419",642201,303,0.112,0.104,0.005,160,0.662,0.67,-0.001,89,0.337,0.306,0.057,0.343,0.211,-0.036,0.377,0.313,109.88,"Eli White"
"420",642211,20,0.2,0.133,0.009,8,0.875,0.704,0.03,4,0,0.201,-0.029,0.31,0.267,-0.002,0.354,0.265,114.35,"Justin Williams"
"421",642336,160,0.138,0.12,0.011,78,0.821,0.717,0.057,57,0.439,0.327,0.093,0.337,0.13,-0.055,0.363,0.296,107.81,"Francisco Mejia"
"422",642423,302,0.079,0.108,-0.03,139,0.583,0.634,-0.047,114,0.272,0.315,-0.021,0.329,0.293,-0.017,0.356,0.307,108.14,"Magneuris Sierra"
"423",642708,727,0.11,0.11,-0.003,351,0.681,0.655,0.02,213,0.315,0.267,0.069,0.331,0.298,-0.006,0.355,0.307,107.28,"Amed Rosario"
"424",642715,1276,0.169,0.114,0.045,571,0.722,0.661,0.054,385,0.255,0.295,-0.015,0.33,0.359,0.072,0.37,0.296,111.87,"Willy Adames"
"425",642721,58,0.138,0.144,0,23,0.565,0.693,-0.048,14,0.143,0.254,-0.025,0.308,0.25,-0.003,0.359,0.282,116.39,"Kelvin Gutierrez"
"426",642727,88,0.045,0.112,-0.029,50,0.5,0.637,-0.053,29,0.138,0.346,-0.093,0.361,0.288,-0.014,0.386,0.344,106.84,"Sergio Alcantara"
"427",642731,269,0.138,0.12,0.009,124,0.742,0.698,0.039,78,0.423,0.345,0.078,0.327,0.23,-0.011,0.364,0.287,111.25,"Thairo Estrada"
"428",642772,113,0.115,0.102,0.006,60,0.667,0.706,-0.028,33,0.091,0.281,-0.087,0.349,0.29,-0.024,0.392,0.315,112.19,"Luis Alexander Basabe"
"429",643217,229,0.135,0.118,0.004,102,0.706,0.686,0.008,88,0.227,0.295,-0.034,0.329,0.255,-0.034,0.365,0.3,111.07,"Andrew Benintendi"
"430",643265,896,0.086,0.112,-0.027,432,0.586,0.664,-0.072,240,0.329,0.274,0.07,0.337,0.377,0.051,0.367,0.312,109.09,"Garrett Cooper"
"431",643269,44,0.182,0.122,0.018,22,0.727,0.734,-0.003,12,0.333,0.209,0.042,0.324,0,-0.018,0.356,0.279,109.74,"Will Craig"
"432",643289,931,0.114,0.106,0.003,455,0.741,0.646,0.083,235,0.315,0.286,0.059,0.329,0.335,0,0.363,0.295,110.14,"Mauricio Dubon"
"433",643376,755,0.101,0.121,-0.021,342,0.725,0.683,0.043,226,0.181,0.295,-0.07,0.332,0.357,-0.005,0.377,0.297,113.55,"Danny Jansen"
"434",643393,462,0.056,0.109,-0.047,244,0.656,0.656,0.004,166,0.199,0.326,-0.076,0.338,0.311,-0.045,0.376,0.307,111.37,"Tony Kemp"
"435",643396,1023,0.062,0.107,-0.045,543,0.656,0.668,-0.009,286,0.29,0.293,0.027,0.34,0.332,-0.009,0.371,0.312,109.12,"Isiah Kiner-Falefa"
"436",643418,576,0.148,0.106,0.033,276,0.62,0.684,-0.052,218,0.317,0.302,0.047,0.34,0.255,-0.036,0.375,0.312,110.17,"Shed Long"
"437",643436,447,0.154,0.117,0.028,203,0.655,0.687,-0.026,146,0.24,0.3,-0.017,0.335,0.357,0.053,0.361,0.309,107.7,"Ryan McBroom"
"438",643446,1064,0.087,0.113,-0.029,530,0.826,0.683,0.13,418,0.294,0.297,0.024,0.336,0.37,-0.002,0.37,0.288,109.96,"Jeff McNeil"
"439",643565,586,0.108,0.104,-0.003,304,0.668,0.685,-0.017,193,0.192,0.278,-0.062,0.341,0.264,-0.04,0.38,0.308,111.34,"Mike Tauchman"
"440",644337,36,0.056,0.079,-0.006,25,0.52,0.691,-0.063,3,0,0.02,0.004,0.36,0,-0.035,0.406,0.331,112.81,"Nate Orf"
"441",644374,67,0.075,0.086,-0.005,28,0.821,0.671,0.057,37,0.27,0.273,0.008,0.332,0.243,-0.006,0.39,0.286,117.64,"Yu Chang"
"442",644433,271,0.162,0.119,0.03,148,0.676,0.656,0.013,68,0.368,0.293,0.071,0.337,0.304,0.014,0.361,0.312,107.24,"Chadwick Tromp"
"443",645277,817,0.136,0.112,0.011,411,0.827,0.679,0.129,267,0.322,0.323,0.023,0.339,0.356,0.039,0.368,0.295,108.8,"Ozzie Albies"
"444",645302,925,0.135,0.112,0.013,452,0.717,0.664,0.043,282,0.266,0.334,-0.041,0.336,0.27,-0.024,0.368,0.302,109.47,"Victor Robles"
"445",645305,74,0.176,0.118,0.028,34,0.765,0.68,0.032,30,0.367,0.3,0.035,0.333,0.188,-0.017,0.366,0.296,109.78,"Ali Sanchez"
"446",645801,470,0.085,0.11,-0.032,213,0.582,0.659,-0.066,176,0.193,0.324,-0.101,0.33,0.259,-0.065,0.382,0.305,115.63,"Mike Ford"
"447",646240,1275,0.163,0.115,0.041,588,0.752,0.692,0.052,532,0.38,0.301,0.102,0.333,0.326,0.04,0.359,0.299,107.78,"Rafael Devers"
"448",647304,540,0.057,0.113,-0.049,286,0.692,0.639,0.046,179,0.307,0.278,0.058,0.336,0.374,0.012,0.37,0.3,110.27,"Josh Naylor"
"449",647351,446,0.099,0.117,-0.018,221,0.765,0.691,0.058,147,0.313,0.326,0.021,0.334,0.262,-0.05,0.369,0.297,110.45,"Abraham Toro"
"450",649557,413,0.14,0.116,0.015,220,0.695,0.656,0.034,105,0.257,0.318,-0.024,0.339,0.333,0.021,0.364,0.316,107.34,"Aledmys Díaz"
"451",649966,627,0.088,0.107,-0.016,313,0.556,0.647,-0.08,217,0.286,0.325,-0.009,0.34,0.283,-0.01,0.373,0.315,109.79,"Luis Urias"
"452",650331,266,0.12,0.113,-0.007,109,0.615,0.617,-0.007,104,0.337,0.319,0.033,0.33,0.164,-0.047,0.354,0.317,107.02,"Lewin Diaz"
"453",650333,718,0.039,0.113,-0.068,355,0.676,0.692,-0.011,275,0.2,0.354,-0.11,0.344,0.35,-0.013,0.375,0.317,109.01,"Luis Arraez"
"454",650391,1032,0.153,0.128,0.024,443,0.756,0.63,0.123,237,0.481,0.311,0.182,0.321,0.387,0.085,0.359,0.281,111.64,"Eloy Jimenez"
"455",650402,1045,0.095,0.118,-0.026,479,0.635,0.66,-0.022,278,0.169,0.288,-0.086,0.329,0.367,-0.008,0.375,0.301,113.94,"Gleyber Torres"
"456",650489,659,0.149,0.115,0.024,305,0.731,0.672,0.055,265,0.358,0.295,0.082,0.33,0.418,0.096,0.36,0.294,108.96,"Willi Castro"
"457",650490,822,0.054,0.106,-0.056,349,0.542,0.64,-0.09,283,0.194,0.28,-0.054,0.326,0.369,-0.012,0.371,0.304,113.81,"Yandy Díaz"
"458",650619,127,0.126,0.114,0.004,65,0.631,0.657,-0.017,47,0.128,0.326,-0.113,0.345,0.232,-0.011,0.387,0.318,112.16,"Meibrys Viloria"
"459",650859,531,0.087,0.108,-0.023,260,0.6,0.675,-0.055,187,0.262,0.317,-0.022,0.339,0.238,-0.06,0.369,0.315,109.1,"Luis Rengifo"
"460",656185,170,0.182,0.105,0.047,79,0.608,0.638,-0.013,66,0.288,0.291,0.012,0.336,0.28,-0.017,0.369,0.31,109.54,"Greg Allen"
"461",656305,695,0.147,0.116,0.025,346,0.633,0.678,-0.033,193,0.228,0.313,-0.047,0.336,0.35,0.06,0.376,0.306,111.68,"Matt Chapman"
"462",656308,803,0.168,0.11,0.05,401,0.701,0.659,0.04,239,0.318,0.28,0.057,0.33,0.266,-0.014,0.36,0.297,109.15,"Michael Chavis"
"463",656371,97,0.103,0.108,-0.005,50,0.54,0.691,-0.074,36,0.167,0.305,-0.067,0.337,0.164,-0.022,0.383,0.313,113.43,"Isan Diaz"
"464",656509,234,0.162,0.11,0.032,104,0.615,0.648,-0.026,72,0.292,0.278,0.017,0.331,0.237,0.008,0.369,0.308,111.29,"Monte Harrison"
"465",656514,449,0.053,0.109,-0.055,215,0.614,0.659,-0.038,182,0.258,0.323,-0.029,0.337,0.316,-0.023,0.37,0.312,109.82,"Adam Haseley"
"466",656537,64,0.188,0.109,0.03,32,0.656,0.714,-0.024,8,0.5,0.253,0.063,0.33,0.156,-0.01,0.37,0.302,112.25,"Derek Hill"
"467",656541,693,0.164,0.105,0.05,330,0.642,0.686,-0.026,258,0.256,0.293,-0.003,0.341,0.301,0.026,0.373,0.311,109.63,"Sam Hilliard"
"468",656555,917,0.093,0.107,-0.015,461,0.607,0.638,-0.037,276,0.163,0.261,-0.066,0.337,0.429,0.065,0.373,0.313,110.87,"Rhys Hoskins"
"469",656577,26,0.308,0.121,0.04,11,0.727,0.651,0.018,9,0.444,0.408,0.023,0.313,0.307,0.01,0.359,0.267,114.76,"Alex Jackson"
"470",656669,536,0.076,0.109,-0.03,249,0.683,0.673,0.011,148,0.196,0.297,-0.065,0.336,0.292,-0.029,0.38,0.302,113.22,"Jordan Luplow"
"471",656716,35,0.171,0.109,0.017,16,0.812,0.729,0.017,15,0.267,0.377,-0.024,0.334,0.43,0.018,0.35,0.314,104.51,"Zach McKinstry"
"472",656775,822,0.1,0.106,-0.01,398,0.676,0.688,-0.009,303,0.307,0.327,0.009,0.342,0.311,0,0.37,0.313,108.16,"Cedric Mullins"
"473",656811,755,0.109,0.111,-0.01,348,0.626,0.685,-0.053,256,0.184,0.29,-0.078,0.332,0.27,-0.044,0.372,0.304,112.12,"Ryan O'Hearn"
"474",656941,1242,0.109,0.109,-0.006,527,0.632,0.671,-0.032,496,0.27,0.28,0.008,0.331,0.336,0.006,0.371,0.304,112.1,"Kyle Schwarber"
"475",656976,218,0.087,0.107,-0.012,94,0.691,0.658,0.023,89,0.18,0.289,-0.053,0.33,0.33,-0.016,0.368,0.305,111.5,"Pavin Smith"
"476",657041,214,0.084,0.111,-0.029,106,0.575,0.686,-0.077,49,0.224,0.311,-0.035,0.336,0.213,-0.041,0.382,0.314,113.6,"Lane Thomas"
"477",657061,569,0.132,0.115,0.011,292,0.651,0.654,0.003,188,0.266,0.315,-0.018,0.34,0.265,-0.03,0.372,0.313,109.2,"Cole Tucker"
"478",657077,1168,0.074,0.102,-0.034,585,0.579,0.671,-0.083,456,0.294,0.29,0.026,0.341,0.36,0.016,0.375,0.314,109.93,"Alex Verdugo"
"479",657108,1010,0.15,0.108,0.033,505,0.618,0.687,-0.057,296,0.274,0.277,0.026,0.334,0.274,0.028,0.371,0.307,110.96,"Evan White"
"480",657193,167,0.156,0.11,0.013,87,0.667,0.658,0,56,0.321,0.323,0.01,0.335,0.252,-0.003,0.362,0.308,108.12,"Eddy Alvarez"
"481",657434,58,0.103,0.098,0.009,30,0.867,0.744,0.04,20,0.4,0.285,0.068,0.33,0.43,0.011,0.382,0.257,115.64,"Brian O'Grady"
"482",657557,1006,0.145,0.11,0.024,468,0.752,0.665,0.083,275,0.233,0.273,-0.014,0.329,0.307,-0.018,0.373,0.289,113.47,"Paul DeJong"
"483",657612,6,0,0.084,-0.007,4,0,0.67,-0.053,2,0,0.687,-0.046,NA,NA,NA,NA,0.391,NA,"Tim Hill"
"484",657656,1208,0.086,0.112,-0.028,604,0.56,0.649,-0.076,334,0.234,0.327,-0.052,0.335,0.32,-0.006,0.367,0.313,109.61,"Ramon Laureano"
"485",658069,624,0.127,0.106,0.012,305,0.695,0.671,0.026,157,0.318,0.263,0.072,0.333,0.326,0.036,0.361,0.298,108.32,"Josh Fuentes"
"486",658668,478,0.113,0.116,-0.004,231,0.706,0.677,0.026,125,0.336,0.343,0.027,0.337,0.289,-0.009,0.363,0.309,107.87,"Edward Olivares"
"487",660162,1349,0.11,0.113,-0.006,598,0.615,0.669,-0.043,509,0.251,0.31,-0.026,0.329,0.306,-0.007,0.368,0.3,111.6,"Yoan Moncada"
"488",660271,964,0.124,0.109,0.008,480,0.623,0.677,-0.048,358,0.218,0.284,-0.032,0.337,0.305,-0.002,0.37,0.31,109.75,"Shohei Ohtani"
"489",660294,1098,0.081,0.112,-0.034,536,0.631,0.689,-0.058,411,0.168,0.323,-0.121,0.339,0.31,-0.029,0.385,0.308,113.47,"Yoshi Tsutsugo"
"490",660620,458,0.081,0.11,-0.03,207,0.589,0.691,-0.087,184,0.245,0.28,-0.003,0.336,0.311,-0.001,0.356,0.326,106.16,"Jonathan Arauz"
"491",660670,1354,0.117,0.11,-0.002,627,0.636,0.669,-0.036,390,0.162,0.29,-0.104,0.33,0.4,0.081,0.379,0.298,114.87,"Ronald Acuna"
"492",660688,30,0.1,0.106,-0.001,15,0.667,0.681,0,14,0.286,0.265,0.019,0.351,0.362,0.009,0.38,0.326,108.21,"Keibert Ruiz"
"493",660731,367,0.172,0.117,0.041,193,0.632,0.676,-0.025,122,0.352,0.308,0.062,0.343,0.297,0.033,0.364,0.323,105.97,"Anderson Tejeda"
"494",660821,152,0.145,0.113,0.016,71,0.803,0.701,0.048,67,0.343,0.312,0.048,0.342,0.116,-0.042,0.371,0.308,108.45,"Jesus Sanchez"
"495",661388,36,0.222,0.128,0.027,17,0.765,0.672,0.028,9,0.556,0.386,0.058,0.325,0.395,0.014,0.346,0.29,106.71,"William Contreras"
"496",662139,629,0.132,0.106,0.016,299,0.642,0.655,-0.014,232,0.293,0.342,-0.018,0.335,0.288,-0.009,0.363,0.311,108.26,"Daulton Varsho"
"497",663330,48,0.125,0.095,0.008,30,0.8,0.729,0.033,8,0,0.173,-0.037,0.348,0.514,0.029,0.379,0.307,108.82,"Jahmai Jones"
"498",663411,39,0.205,0.107,0.036,18,0.611,0.691,-0.018,17,0.471,0.389,0.048,0.334,0,-0.016,0.361,0.306,108.05,"Joe McCarthy"
"499",663538,674,0.079,0.109,-0.034,311,0.598,0.651,-0.042,210,0.343,0.331,0.036,0.336,0.282,-0.052,0.364,0.317,108.02,"Nico Hoerner"
"500",663586,1193,0.154,0.112,0.035,592,0.794,0.652,0.131,295,0.312,0.284,0.044,0.328,0.314,0.001,0.365,0.283,111.39,"Austin Riley"
"501",663611,694,0.029,0.104,-0.072,349,0.602,0.656,-0.035,200,0.26,0.354,-0.051,0.339,0.348,-0.012,0.373,0.312,110.12,"Nick Madrigal"
"502",663624,749,0.158,0.121,0.03,338,0.828,0.666,0.142,193,0.492,0.278,0.206,0.327,0.391,0.051,0.356,0.282,109.05,"Ryan Mountcastle"
"503",663647,563,0.069,0.106,-0.033,257,0.591,0.658,-0.054,180,0.322,0.329,0.017,0.334,0.507,0.119,0.372,0.302,111.42,"Ke'Bryan Hayes"
"504",663656,1317,0.096,0.11,-0.018,617,0.767,0.659,0.099,512,0.268,0.279,0.016,0.337,0.358,0.022,0.378,0.295,112.38,"Kyle Tucker"
"505",663662,338,0.112,0.12,-0.009,174,0.621,0.678,-0.036,69,0.304,0.291,0.036,0.33,0.258,-0.002,0.355,0.303,107.39,"Daz Cameron"
"506",663698,690,0.164,0.108,0.043,329,0.623,0.623,-0.003,183,0.339,0.298,0.062,0.328,0.284,0.021,0.351,0.307,106.73,"Joey Bart"
"507",663757,1462,0.089,0.104,-0.017,731,0.569,0.657,-0.084,498,0.161,0.286,-0.092,0.342,0.332,0.01,0.381,0.32,111.21,"Trent Grisham"
"508",663886,104,0.115,0.11,-0.005,57,0.509,0.664,-0.093,26,0.115,0.292,-0.076,0.333,0.396,0.024,0.381,0.311,114.48,"Tyler Stephenson"
"509",663898,114,0.158,0.121,0.014,59,0.729,0.649,0.051,33,0.242,0.328,-0.032,0.33,0.126,-0.031,0.353,0.31,106.96,"Brendan Rodgers"
"510",663905,13,0.077,0.094,-0.002,9,0.889,0.674,0.04,4,0.25,0.078,0.026,0.342,0.488,0.001,0.367,0.285,107.34,"Travis Blankenhorn"
"511",663993,419,0.105,0.106,-0.012,224,0.562,0.669,-0.087,147,0.218,0.294,-0.044,0.339,0.291,0.019,0.364,0.323,107.37,"Nate Lowe"
"512",664023,1212,0.136,0.111,0.018,602,0.641,0.669,-0.023,409,0.22,0.282,-0.035,0.338,0.394,0.072,0.372,0.31,109.91,"Ian Happ"
"513",664029,188,0.096,0.106,-0.009,100,0.64,0.669,-0.01,57,0.211,0.322,-0.057,0.34,0.317,0.005,0.379,0.309,111.57,"Mark Mathias"
"514",664034,830,0.096,0.111,-0.02,357,0.689,0.671,0.02,286,0.234,0.295,-0.03,0.328,0.377,0.036,0.374,0.294,113.77,"Ty France"
"515",664040,1347,0.164,0.119,0.038,670,0.74,0.669,0.063,531,0.237,0.311,-0.045,0.336,0.321,-0.001,0.377,0.297,112.22,"Brandon Lowe"
"516",664041,50,0.24,0.106,0.046,29,0.724,0.722,0.002,15,0.4,0.28,0.048,0.345,0.242,0.003,0.385,0.298,111.67,"Jaylin Davis"
"517",664056,725,0.117,0.119,-0.009,329,0.608,0.669,-0.053,207,0.319,0.339,0.002,0.33,0.328,0.036,0.364,0.305,110.23,"Harrison Bader"
"518",664057,319,0.103,0.118,-0.017,139,0.612,0.687,-0.049,131,0.29,0.351,-0.039,0.337,0.514,0.09,0.354,0.319,105.07,"Andrew Stevenson"
"519",664058,1090,0.029,0.096,-0.065,586,0.478,0.648,-0.154,330,0.315,0.269,0.068,0.344,0.35,-0.003,0.367,0.331,106.75,"David Fletcher"
"520",664059,354,0.13,0.113,0.009,168,0.661,0.676,-0.014,141,0.199,0.352,-0.105,0.335,0.314,0.011,0.374,0.305,111.78,"Sam Haggerty"
"521",664068,588,0.16,0.106,0.045,302,0.709,0.676,0.022,177,0.288,0.277,0.039,0.337,0.284,-0.007,0.37,0.302,109.95,"Scott Kingery"
"522",664119,128,0.18,0.125,0.03,62,0.694,0.698,0.001,38,0.316,0.321,0.016,0.334,0.236,0.004,0.359,0.31,107.23,"Austin Allen"
"523",664238,726,0.099,0.113,-0.018,360,0.567,0.652,-0.074,210,0.224,0.325,-0.061,0.335,0.382,0.053,0.368,0.311,109.89,"Dylan Moore"
"524",664247,84,0.107,0.108,-0.003,41,0.634,0.669,-0.028,22,0.091,0.259,-0.067,0.333,0.186,-0.016,0.367,0.31,110.34,"Kyle Garlick"
"525",664314,30,0.4,0.147,0.065,12,0.833,0.786,0.008,16,0.5,0.315,0.078,0.308,0.3,0.012,0.312,0.303,101.26,"Estevan Florial"
"526",664334,1,0,0.139,-0.002,1,1,0.471,0.012,NA,NA,NA,NA,0.363,0,-0.003,0.363,NA,100,"Aaron Whitefield"
"527",664702,409,0.068,0.107,-0.036,218,0.624,0.683,-0.047,110,0.245,0.302,-0.021,0.338,0.211,-0.054,0.375,0.31,110.76,"Myles Straw"
"528",664761,887,0.113,0.101,0.005,445,0.715,0.659,0.042,265,0.223,0.231,0.008,0.332,0.377,0.037,0.37,0.296,111.76,"Alec Bohm"
"529",664774,227,0.048,0.116,-0.054,110,0.655,0.684,-0.022,80,0.225,0.339,-0.061,0.344,0.254,-0.038,0.382,0.312,111.3,"LaMonte Wade"
"530",664901,556,0.101,0.112,-0.007,283,0.59,0.676,-0.078,145,0.29,0.323,0.004,0.341,0.293,-0.007,0.374,0.316,109.68,"Danny Mendick"
"531",664913,24,0.292,0.117,0.038,12,0.667,0.628,0.009,7,0.143,0.282,-0.025,0.35,0,-0.011,0.38,0.334,108.67,"Seth Brown"
"532",665120,534,0.105,0.107,-0.007,268,0.672,0.646,0.02,188,0.346,0.275,0.082,0.34,0.394,0.033,0.369,0.311,108.5,"Jared Walsh"
"533",665487,1401,0.121,0.109,0.01,635,0.717,0.636,0.073,437,0.227,0.282,-0.026,0.33,0.406,0.083,0.372,0.295,112.53,"Fernando Tatis"
"534",665489,1196,0.121,0.11,0.005,559,0.741,0.667,0.071,349,0.246,0.256,0.015,0.329,0.377,0.017,0.373,0.29,113.31,"Vladimir Guerrero"
"535",665506,114,0.167,0.111,0.02,58,0.759,0.665,0.049,24,0.375,0.244,0.062,0.336,0.309,-0.003,0.37,0.298,110.14,"Cristian Pache"
"536",665561,34,0.147,0.117,0.01,12,0.833,0.79,0.01,19,0.421,0.286,0.072,0.333,0.63,0.027,0.353,0.301,106.19,"Rafael Marchan"
"537",665742,1130,0.062,0.107,-0.049,512,0.604,0.646,-0.039,467,0.171,0.31,-0.114,0.338,0.472,0.084,0.388,0.31,114.71,"Juan Soto"
"538",665750,759,0.133,0.111,0.015,336,0.64,0.65,-0.004,292,0.267,0.324,-0.023,0.333,0.315,0.03,0.358,0.311,107.72,"Leody Taveras"
"539",665862,344,0.084,0.112,-0.022,149,0.584,0.645,-0.048,135,0.23,0.32,-0.056,0.334,0.28,-0.024,0.371,0.313,110.98,"Jazz Chisholm"
"540",665926,574,0.112,0.104,0.005,268,0.716,0.679,0.031,230,0.343,0.303,0.059,0.337,0.327,-0.008,0.366,0.304,108.82,"Andres Gimenez"
"541",665947,128,0.242,0.121,0.073,62,0.677,0.64,0.029,46,0.261,0.27,0.019,0.335,0.111,-0.032,0.363,0.305,108.48,"Sherten Apostel"
"542",666135,24,0.083,0.069,0.001,18,0.667,0.701,-0.013,6,0,0.055,-0.006,0.378,0.225,-0.012,0.43,0.325,113.85,"Alex Kirilloff"
"543",666158,413,0.087,0.11,-0.024,200,0.595,0.649,-0.045,159,0.17,0.321,-0.096,0.336,0.239,-0.037,0.369,0.315,109.69,"Gavin Lux"
"544",666160,101,0.218,0.1,0.06,38,0.579,0.652,-0.037,46,0.348,0.269,0.068,0.328,0.309,0.003,0.369,0.3,112.63,"Mickey Moniak"
"545",666176,692,0.199,0.113,0.075,312,0.696,0.681,0.015,183,0.317,0.323,0.026,0.335,0.219,-0.01,0.364,0.305,108.78,"Jo Adell"
"546",666182,626,0.117,0.112,-0.002,307,0.717,0.647,0.064,159,0.447,0.29,0.164,0.329,0.342,0.011,0.355,0.296,107.83,"Bo Bichette"
"547",666185,822,0.106,0.118,-0.018,391,0.588,0.67,-0.064,302,0.212,0.314,-0.07,0.332,0.305,-0.008,0.372,0.306,112.03,"Dylan Carlson"
"548",666198,542,0.103,0.123,-0.02,245,0.694,0.673,0.015,152,0.237,0.308,-0.041,0.327,0.266,-0.053,0.362,0.296,110.87,"Carter Kieboom"
"549",666915,592,0.208,0.122,0.076,263,0.684,0.679,0.004,168,0.369,0.286,0.091,0.33,0.395,0.101,0.363,0.298,109.94,"Bobby Dalbec"
"550",666931,114,0.175,0.115,0.031,54,0.519,0.628,-0.056,20,0.5,0.328,0.084,0.327,0.169,-0.019,0.35,0.305,107.29,"Jared Oliva"
"551",666969,33,0.182,0.111,0.02,15,0.6,0.637,-0.015,8,0.125,0.149,-0.003,0.316,0.1,-0.007,0.359,0.288,113.7,"Adolis García"
"552",666971,1108,0.123,0.111,0.004,517,0.698,0.646,0.049,314,0.354,0.267,0.103,0.329,0.395,0.065,0.364,0.294,110.64,"Lourdes Gurriel"
"553",667670,85,0.129,0.102,0.015,46,0.674,0.668,-0.004,15,0.4,0.241,0.071,0.341,0.41,0.014,0.373,0.308,109.2,"Brent Rooker"
"554",668227,813,0.133,0.124,0.003,378,0.603,0.661,-0.053,215,0.223,0.314,-0.058,0.333,0.474,0.131,0.37,0.305,111.3,"Randy Arozarena"
"555",668800,76,0.171,0.097,0.032,32,0.781,0.671,0.038,27,0.556,0.302,0.133,0.332,0.288,-0.002,0.367,0.285,110.67,"Andrew Knizner"
"556",668804,1083,0.116,0.112,0.001,484,0.707,0.67,0.04,405,0.237,0.3,-0.031,0.333,0.286,-0.022,0.372,0.299,111.65,"Bryan Reynolds"
"557",668942,373,0.097,0.109,-0.019,185,0.578,0.688,-0.086,130,0.177,0.29,-0.073,0.339,0.222,-0.049,0.367,0.318,108.17,"Josh Rojas"
"558",669087,209,0.158,0.115,0.029,102,0.627,0.663,-0.033,69,0.246,0.3,-0.009,0.334,0.569,0.094,0.365,0.312,109.15,"Sam Huff"
"559",669134,31,0.129,0.138,-0.006,13,0.692,0.565,0.025,10,0.1,0.359,-0.062,0.319,0.54,0.015,0.363,0.286,113.74,"Luis Campusano"
"560",669221,809,0.098,0.113,-0.018,408,0.64,0.655,-0.008,208,0.231,0.301,-0.036,0.337,0.345,0.01,0.376,0.307,111.58,"Sean Murphy"
"561",669222,343,0.096,0.115,-0.017,184,0.745,0.622,0.099,94,0.277,0.271,0.027,0.342,0.244,-0.049,0.379,0.304,110.77,"Nick Senzel"
"562",669242,1248,0.077,0.112,-0.039,607,0.614,0.65,-0.024,445,0.238,0.327,-0.055,0.338,0.303,-0.017,0.365,0.317,107.98,"Tommy Edman"
"563",669256,1146,0.072,0.11,-0.037,553,0.638,0.679,-0.037,356,0.202,0.284,-0.047,0.336,0.324,-0.013,0.368,0.312,109.72,"Nick Solak"
"564",669257,1130,0.055,0.116,-0.064,560,0.586,0.678,-0.084,307,0.189,0.316,-0.092,0.337,0.39,0.03,0.383,0.311,113.67,"Will Smith"
"565",669288,49,0.245,0.137,0.04,21,0.619,0.637,0.003,23,0.565,0.436,0.077,0.337,0.075,-0.017,0.343,0.33,101.6,"Daniel Johnson"
"566",669289,320,0.088,0.114,-0.028,165,0.703,0.685,0.009,77,0.195,0.278,-0.039,0.339,0.287,-0.018,0.378,0.305,111.5,"Santiago Espinal"
"567",669374,1313,0.198,0.106,0.083,638,0.719,0.656,0.064,375,0.256,0.28,0.005,0.332,0.292,0.018,0.366,0.3,109.95,"Keston Hiura"
"568",669720,643,0.078,0.111,-0.032,284,0.616,0.657,-0.035,203,0.429,0.303,0.131,0.328,0.379,0.031,0.355,0.304,108.07,"Austin Hays"
"569",669738,106,0.151,0.125,0.019,57,0.789,0.704,0.056,35,0.4,0.401,0.021,0.34,0.346,0.011,0.353,0.313,103.94,"Jake Noll"
"570",670032,960,0.09,0.108,-0.021,471,0.645,0.641,0.005,370,0.262,0.341,-0.047,0.341,0.249,-0.079,0.372,0.319,109.15,"Nicky Lopez"
"571",670084,93,0.129,0.09,0.012,48,0.562,0.72,-0.078,30,0.267,0.258,0.022,0.343,0.248,-0.014,0.39,0.315,113.59,"Nick Heath"
"572",670370,216,0.208,0.114,0.058,97,0.598,0.678,-0.062,89,0.18,0.325,-0.091,0.336,0.332,0.002,0.365,0.315,108.79,"Andy Young"
"573",670541,35,0.029,0.086,-0.015,17,0.706,0.656,0.018,14,0,0.135,-0.036,0.337,0.4,-0.001,0.399,0.295,118.47,"Yordan Álvarez"
"574",670623,616,0.062,0.118,-0.054,308,0.594,0.653,-0.046,151,0.324,0.332,0.02,0.338,0.257,-0.04,0.367,0.314,108.33,"Isaac Paredes"
"575",670712,563,0.146,0.114,0.023,280,0.621,0.671,-0.042,184,0.272,0.303,-0.002,0.333,0.42,0.1,0.362,0.307,108.61,"Mike Brosseau"
"576",670768,5,0.2,0.098,0.004,3,0.333,0.629,-0.018,2,0,0.004,0.003,NA,NA,NA,0.338,0.272,NA,"Luis Gonzalez"
"577",671250,66,0.242,0.107,0.056,31,0.677,0.654,0.004,24,0.375,0.281,0.051,0.331,0.477,0.029,0.37,0.295,111.74,"Jorge Oña"
"578",671277,716,0.14,0.104,0.023,323,0.74,0.655,0.077,308,0.328,0.298,0.043,0.334,0.283,-0.028,0.367,0.301,109.94,"Luis Garcia"
"579",672386,165,0.103,0.105,-0.011,86,0.581,0.639,-0.036,51,0.353,0.307,0.031,0.338,0.518,0.059,0.369,0.31,109.32,"Alejandro Kirk"
"580",673357,1223,0.197,0.114,0.076,538,0.799,0.661,0.138,320,0.334,0.258,0.102,0.321,0.327,0.032,0.352,0.278,109.68,"Luis Robert"
"581",673451,1059,0.076,0.109,-0.032,538,0.608,0.69,-0.076,374,0.23,0.315,-0.054,0.34,0.3,-0.043,0.373,0.315,109.76,"Shogo Akiyama"
"582",676480,404,0.176,0.101,0.062,185,0.649,0.641,0.005,118,0.381,0.31,0.081,0.33,0.172,-0.038,0.352,0.305,106.44,"José García"
"583",680777,391,0.136,0.107,0.017,193,0.648,0.659,-0.012,96,0.312,0.3,0.039,0.332,0.301,-0.003,0.37,0.299,111.76,"Ryan Jeffers"
