Player,Team,Pos,PA,AB,H,HR,BB,SB,R,RBI,AVG,OBP,SLG,VALUE,FVALUE
Christian Yelich,MIL,OF,660,562,176,44,88,27,126,114,0.313,0.411,0.625,27.42,27.42
Mookie Betts,LAD,OF,675,575,180,37,89,21,141,88,0.314,0.405,0.595,24.95,24.95
Ronald Acuna Jr.,ATL,OF,675,589,163,41,76,29,124,97,0.277,0.367,0.557,24.56,24.56
Mike Trout,LAA,OF,625,492,146,46,115,14,120,111,0.297,0.439,0.653,23.94,24.87
Jose Ramirez,CLE,3B,660,571,157,33,78,32,99,109,0.275,0.364,0.52,23.01,23.01
Fernando Tatis Jr.,SD,SS,660,592,169,36,56,26,115,93,0.285,0.353,0.546,22.92,22.92
Trea Turner,WSH,SS,675,612,179,21,56,39,114,76,0.293,0.355,0.48,22.85,22.85
Trevor Story,COL,SS,660,595,170,33,55,26,109,95,0.286,0.351,0.542,22.3,22.3
Cody Bellinger,LAD,1B/OF,660,567,162,39,87,15,110,103,0.286,0.382,0.562,21.88,21.88
Juan Soto,WSH,OF,660,543,159,37,111,11,107,104,0.292,0.412,0.562,20.98,20.98
Starling Marte,MIA,OF,625,575,170,23,30,30,95,81,0.297,0.345,0.486,20.64,21.44
Marcell Ozuna,ATL,OF,660,589,173,37,67,9,92,111,0.294,0.366,0.546,20.36,20.36
Kyle Tucker,HOU,OF,640,587,157,33,52,26,92,95,0.267,0.328,0.504,20.38,20.69
Freddie Freeman,ATL,1B,660,568,170,36,83,6,101,107,0.299,0.393,0.57,20.31,20.31
Bryce Harper,PHI,OF,665,544,146,37,109,15,101,107,0.268,0.392,0.536,20.31,20.31
Adalberto Mondesi,KC,SS,550,516,130,18,23,51,79,74,0.252,0.281,0.433,20.15,23.74
Anthony Rendon,LAA,3B,650,554,169,35,78,4,101,108,0.306,0.397,0.573,20.04,20.04
Francisco Lindor,NYM,SS,675,609,169,28,54,22,109,81,0.278,0.339,0.485,19.85,19.85
J.D. Martinez,BOS,UT,640,562,168,37,68,3,96,107,0.299,0.376,0.567,19.49,19.79
Luis Robert,CWS,OF,600,564,156,31,34,22,98,80,0.276,0.317,0.521,19.35,20.92
Yordan Alvarez,HOU,UT,600,526,155,40,71,3,84,112,0.294,0.379,0.592,19.26,20.68
Nick Castellanos,CIN,OF,665,612,178,38,44,2,111,92,0.292,0.344,0.563,19.18,19.18
Whit Merrifield,KC,2B/OF,700,643,185,16,47,27,102,72,0.288,0.339,0.444,18.8,18.8
Javier Baez,CHC,SS,660,623,168,33,30,16,93,92,0.269,0.304,0.495,18.63,18.63
Alex Bregman,HOU,3B,675,553,158,32,107,6,103,98,0.286,0.406,0.531,18.6,18.6
Bo Bichette,TOR,SS,650,604,172,23,44,23,94,78,0.284,0.333,0.489,18.48,18.48
George Springer,TOR,OF,625,542,151,37,71,6,102,91,0.278,0.367,0.548,18.37,19.09
Nelson Cruz,MIN,UT,600,524,149,42,63,0,85,111,0.284,0.369,0.579,18.34,19.82
Tim Anderson,CWS,SS,660,627,179,22,25,21,100,69,0.286,0.316,0.459,18.05,18.05
Xander Bogaerts,BOS,SS,660,583,171,28,68,7,89,99,0.293,0.366,0.515,17.95,17.95
Pete Alonso,NYM,1B,650,561,139,47,67,1,95,110,0.248,0.347,0.546,17.98,17.98
Keston Hiura,MIL,2B,625,570,152,33,45,14,92,86,0.267,0.329,0.507,17.79,18.48
Manny Machado,SD,3B,675,600,167,29,67,9,88,98,0.279,0.353,0.49,17.63,17.63
Eugenio Suarez,CIN,3B,640,555,143,42,69,3,89,110,0.257,0.347,0.539,17.65,17.92
Charlie Blackmon,COL,OF,625,567,171,28,45,5,103,78,0.302,0.358,0.537,17.6,17.96
DJ Lemahieu,NYY,1B/2B/3B,675,619,195,20,47,6,94,79,0.315,0.362,0.478,17.16,17.16
Jose Abreu,CWS,1B,650,593,173,30,38,2,79,107,0.291,0.342,0.516,17.11,17.11
Randy Arozarena,TB,OF,600,551,153,23,45,22,87,68,0.277,0.335,0.461,17.1,18.49
Trent Grisham,SD,OF,660,565,147,27,89,16,94,84,0.26,0.363,0.479,16.99,16.99
Brandon Lowe,TB,2B/OF,650,576,143,37,60,9,87,102,0.248,0.325,0.507,16.94,16.94
Ramon Laureano,OAK,OF,625,554,146,26,44,15,95,80,0.264,0.331,0.475,16.8,17.46
Paul Goldschmidt,STL,1B,660,573,150,35,82,4,97,90,0.261,0.356,0.5,16.57,16.57
Rafael Devers,BOS,3B,660,609,173,27,45,6,89,87,0.284,0.335,0.503,16.54,16.54
Matt Olson,OAK,1B,650,571,147,39,67,1,87,104,0.257,0.346,0.521,16.56,16.56
Tommy Pham,SD,OF,585,507,140,20,71,21,88,69,0.277,0.37,0.467,16.51,18.3
Ozzie Albies,ATL,2B,640,589,161,24,43,13,96,76,0.274,0.326,0.487,16.42,16.67
Jose Altuve,HOU,2B,600,544,158,26,49,9,93,72,0.29,0.351,0.497,16.38,17.69
Aaron Judge,NYY,OF,525,444,125,34,75,4,94,75,0.282,0.388,0.573,16.26,20
Dylan Carlson,STL,OF,625,571,151,25,54,18,91,70,0.264,0.327,0.473,16.23,15.84
Corey Seager,LAD,SS,675,610,169,30,55,1,90,95,0.277,0.339,0.509,16.17,16.17
Michael Conforto,NYM,OF,640,544,145,30,81,6,91,90,0.266,0.37,0.499,16.09,16.34
Max Muncy,LAD,1B/2B/3B,600,495,125,36,94,4,94,90,0.253,0.378,0.53,16.07,17.37
Austin Meadows,TB,OF,600,539,142,29,53,12,83,84,0.264,0.336,0.498,15.94,17.23
Mike Moustakas,CIN,2B/1B,625,559,145,34,55,4,80,100,0.26,0.333,0.504,15.89,16.51
Josh Bell,WSH,1B,650,560,154,31,79,1,87,97,0.275,0.364,0.502,15.88,15.88
Michael Brantley,HOU,OF,625,565,169,21,50,6,85,81,0.3,0.36,0.485,15.85,16.46
Franmil Reyes,CLE,UT,625,562,148,36,55,0,86,97,0.264,0.326,0.51,15.82,16.44
Gleyber Torres,NYY,SS,650,582,151,31,56,6,88,91,0.26,0.327,0.479,15.79,15.79
Ketel Marte,ARI,2B,625,566,162,22,51,8,87,80,0.287,0.349,0.49,15.73,16.34
Anthony Rizzo,CHC,1B,656,551,156,23,74,6,81,91,0.284,0.39,0.467,15.64,15.64
Carlos Correa,HOU,SS,625,547,150,29,65,2,79,99,0.275,0.351,0.497,15.64,16.24
Christian Walker,ARI,1B,600,529,140,30,62,7,91,80,0.264,0.347,0.501,15.6,16.87
Lourdes Gurriel Jr.,TOR,OF,600,555,148,30,32,8,81,84,0.267,0.311,0.488,15.55,16.81
Marcus Semien,TOR,SS,650,576,152,26,69,10,96,74,0.263,0.342,0.47,15.51,15.51
Luke Voit,NYY,1B,625,537,138,36,77,0,91,91,0.257,0.36,0.516,15.46,16.06
Tommy Edman,STL,2B/3B/SS/OF,650,608,165,13,36,24,90,58,0.272,0.318,0.411,15.43,15.43
Eddie Rosario,CLE,OF,625,590,153,32,29,5,81,92,0.259,0.291,0.49,15.34,15.94
Jeff McNeil,NYM,2B/3B/OF,650,583,171,20,43,7,86,76,0.293,0.36,0.469,15.28,15.28
Kyle Schwarber,WSH,OF,625,536,132,36,79,3,88,92,0.245,0.345,0.504,15.28,15.88
Nolan Arenado,STL,3B,650,576,156,28,63,2,82,93,0.271,0.342,0.473,15.2,15.2
Jorge Soler,KC,OF,550,479,124,35,60,3,76,93,0.26,0.35,0.539,15.19,17.87
Eduardo Escobar,ARI,3B,625,567,150,29,46,4,80,95,0.266,0.321,0.499,15.16,15.75
J.T. Realmuto,PHI,C,568,514,144,24,41,8,83,77,0.281,0.339,0.502,15.13,15.13
Teoscar Hernandez,TOR,OF,615,557,131,36,54,8,86,88,0.234,0.303,0.492,15.11,15.95
Wil Myers,SD,OF,550,493,126,25,53,17,76,74,0.256,0.33,0.475,14.94,17.57
Joey Gallo,TEX,OF,575,484,107,40,85,5,86,88,0.221,0.342,0.518,14.84,16.73
Cavan Biggio,TOR,2B/3B/OF,625,517,121,22,102,19,96,68,0.235,0.363,0.431,14.77,15.35
Andrew McCutchen,PHI,OF,625,529,137,25,87,9,93,72,0.26,0.367,0.462,14.73,15.31
AJ Pollock,LAD,OF,525,475,127,26,34,9,76,78,0.268,0.324,0.506,14.71,18.1
Eloy Jimenez,CWS,OF,600,559,151,32,36,0,75,91,0.27,0.317,0.501,14.65,15.83
Ian Happ,CHC,OF,650,560,132,31,84,8,87,85,0.236,0.337,0.461,14.61,14.61
J.D. Davis,NYM,3B/OF,550,490,144,24,52,3,78,76,0.294,0.367,0.507,14.46,16.99
Mike Yastrzemski,SF,OF,625,557,145,29,57,4,90,78,0.26,0.333,0.493,14.39,14.95
Alex Verdugo,BOS,OF,650,592,170,16,47,8,86,71,0.287,0.338,0.444,14.27,14.27
Giancarlo Stanton,NYY,UT,550,473,123,30,64,4,79,83,0.261,0.351,0.502,14.3,16.82
Matt Chapman,OAK,3B,625,550,141,31,63,1,93,79,0.255,0.34,0.495,14.27,14.83
Yoan Moncada,CWS,3B,625,563,145,24,55,9,84,76,0.258,0.325,0.461,14.18,14.73
Gio Urshela,NYY,3B,575,528,155,23,35,1,76,78,0.293,0.339,0.484,14.16,15.93
Lorenzo Cain,MIL,OF,600,535,150,10,55,21,86,48,0.281,0.353,0.388,14.12,15.25
Adam Eaton,CWS,OF,625,542,152,14,60,14,96,50,0.28,0.36,0.421,14.11,14.65
C.J. Cron,COL,1B,500,453,121,33,32,0,66,88,0.268,0.331,0.543,14.06,18.14
Dansby Swanson,ATL,SS,610,543,143,20,54,11,82,72,0.264,0.332,0.452,13.98,14.87
Kris Bryant,CHC,3B,640,549,141,27,71,3,97,71,0.257,0.358,0.469,13.89,14.1
Avisail Garcia,MIL,OF,575,527,137,26,36,7,73,80,0.26,0.315,0.473,13.85,15.6
Franchy Cordero,BOS,OF,475,417,112,19,52,17,69,64,0.27,0.347,0.478,13.84,18.77
Ryan Mountcastle,BAL,1B/OF,650,621,173,24,28,2,76,79,0.278,0.309,0.452,13.8,13.8
Yasiel Puig,FA,UT,500,455,123,19,37,16,64,70,0.27,0.33,0.469,13.8,17.79
Vladimir Guerrero Jr.,TOR,1B,625,566,161,22,55,1,70,85,0.285,0.35,0.46,13.74,14.27
Byron Buxton,MIN,OF,500,466,114,20,26,22,67,64,0.245,0.285,0.449,13.77,17.79
Justin Turner,LAD,3B,525,455,132,24,52,2,81,68,0.289,0.376,0.508,13.7,16.84
Joey Votto,CIN,1B,650,548,146,22,94,4,96,69,0.266,0.377,0.453,13.67,13.67
Evan White,SEA,1B,600,552,144,28,47,3,77,75,0.261,0.319,0.456,13.43,14.51
Bryan Reynolds,PIT,OF,600,539,156,18,53,3,82,67,0.288,0.357,0.467,13.39,14.46
Mark Canha,OAK,OF,625,521,130,26,78,4,91,73,0.248,0.366,0.461,13.41,13.93
Austin Riley,ATL,3B,600,552,141,31,43,0,75,85,0.255,0.312,0.484,13.39,14.47
Carlos Santana,KC,1B,625,518,135,24,101,3,86,77,0.26,0.381,0.458,13.34,13.86
Shohei Ohtani,LAA,UT,450,404,109,21,41,13,61,69,0.269,0.336,0.5,13.26,18.94
Anthony Santander,BAL,OF,625,585,152,26,31,2,70,88,0.26,0.3,0.466,13.24,13.75
Kolten Wong,MIL,2B,625,544,140,11,53,21,72,66,0.258,0.335,0.376,13.24,13.75
Elvis Andrus,OAK,SS,600,555,145,11,34,21,73,59,0.261,0.304,0.373,13.12,14.18
Dylan Moore,SEA,2B/OF,575,516,118,18,45,26,71,59,0.228,0.305,0.402,13.13,14.8
Didi Gregorius,PHI,SS,600,549,144,21,39,7,70,80,0.263,0.314,0.448,13.09,14.14
Nick Solak,TEX,2B/OF,575,520,135,21,51,11,74,66,0.26,0.329,0.432,13.09,14.62
Kole Calhoun,ARI,OF,625,546,130,27,68,5,88,74,0.238,0.327,0.452,12.99,13.49
Victor Robles,WSH,OF,550,487,119,14,31,23,73,56,0.245,0.313,0.397,12.98,15.27
Nick Madrigal,CWS,2B,525,485,155,3,38,19,68,40,0.319,0.371,0.406,12.91,15.82
Rhys Hoskins,PHI,1B,600,493,115,30,93,3,83,81,0.232,0.362,0.469,12.96,14.01
Leody Taveras,TEX,OF,625,572,153,8,52,22,72,54,0.267,0.328,0.395,12.87,13.36
Jorge Polanco,MIN,SS,575,518,148,17,46,5,78,63,0.285,0.342,0.459,12.84,14.44
Andrew Benintendi,KC,OF,600,525,135,16,62,13,76,67,0.257,0.337,0.415,12.81,13.84
Max Kepler,MIN,OF,650,569,141,25,69,3,86,74,0.247,0.335,0.445,12.8,12.8
Miguel Sano,MIN,1B,575,505,112,37,66,0,80,83,0.222,0.314,0.492,12.77,14.4
Austin Hays,BAL,OF,625,594,145,21,29,13,76,64,0.244,0.28,0.417,12.68,13.17
Edwin Encarnacion,FA,UT,500,432,105,32,56,1,69,81,0.243,0.337,0.517,12.66,16.34
Yuli Gurriel,HOU,1B,575,532,152,16,31,4,64,75,0.286,0.328,0.443,12.61,14.18
Ian Desmond,COL,UT,500,455,122,20,38,9,65,67,0.268,0.327,0.473,12.57,15.88
Corey Dickerson,MIA,OF,550,515,144,18,29,5,63,76,0.279,0.317,0.468,12.55,14.74
Gavin Lux,LAD,2B,450,408,121,18,42,8,68,53,0.298,0.363,0.504,12.55,17.36
Joc Pederson,CHC,OF,550,484,122,28,52,1,80,69,0.251,0.335,0.485,12.45,13.56
Jean Segura,PHI,2B/3B,575,532,149,12,32,11,74,55,0.28,0.325,0.411,12.38,13.93
Eric Hosmer,SD,1B,625,575,151,21,43,3,65,82,0.263,0.316,0.424,12.32,12.79
Brian Anderson,MIA,3B,625,551,142,21,55,4,74,76,0.258,0.342,0.431,12.32,12.79
Ryan Braun,FA,OF,460,420,114,19,31,10,58,66,0.272,0.329,0.471,12.32,17.2
Sam Hilliard,COL,OF,550,511,119,22,38,16,70,62,0.234,0.288,0.434,12.33,14.51
Kyle Seager,SEA,3B,600,534,128,26,54,4,70,82,0.24,0.315,0.439,12.25,13.24
Gregory Polanco,PIT,OF,500,446,108,22,47,10,67,69,0.243,0.315,0.465,12.25,15.81
Aaron Hicks,NYY,OF,525,440,108,23,78,7,76,65,0.247,0.359,0.463,12.23,15.05
Justin Upton,LAA,OF,575,498,116,26,62,4,72,80,0.234,0.323,0.45,12.11,13.64
Josh Donaldson,MIN,3B,525,437,109,25,80,3,74,70,0.25,0.372,0.48,12.07,14.85
Kyle Lewis,SEA,OF,650,580,143,22,69,5,75,75,0.248,0.327,0.418,12,12
Alec Bohm,PHI,3B/1B,600,540,143,20,56,4,69,73,0.265,0.335,0.441,11.98,12.94
Nick Ahmed,ARI,SS,600,540,139,16,48,8,69,74,0.257,0.316,0.421,11.95,12.91
Cesar Hernandez,CLE,2B,625,560,150,12,57,10,76,60,0.268,0.339,0.398,11.91,12.37
Evan Longoria,SF,3B,525,477,127,21,36,3,65,73,0.267,0.323,0.465,11.91,14.63
Hunter Dozier,KC,1B/OF,600,538,137,21,56,4,74,73,0.254,0.325,0.446,11.91,12.87
Scott Kingery,PHI,2B/OF,525,483,119,18,33,13,73,56,0.246,0.298,0.43,11.83,14.56
Paul deJong,STL,SS,600,529,122,24,53,6,79,71,0.231,0.312,0.425,11.78,12.73
Ryan McMahon,COL,1B/2B/3B,600,535,133,21,60,4,66,78,0.248,0.326,0.431,11.7,12.64
Salvador Perez,KC,C,475,448,118,25,13,1,52,79,0.264,0.297,0.492,11.65,11.65
Jesus Aguilar,MIA,1B,550,475,122,23,61,0,64,81,0.257,0.34,0.452,11.59,13.62
David Fletcher,LAA,2B/3B/SS,675,616,179,5,53,8,81,49,0.29,0.345,0.364,11.51,11.51
Stephen Piscotty,OAK,OF,525,477,124,21,37,3,64,71,0.259,0.317,0.456,11.53,14.17
Miguel Rojas,MIA,SS,575,527,151,8,35,10,61,60,0.287,0.336,0.386,11.47,12.9
Hunter Renfroe,BOS,OF,500,448,101,28,43,5,66,73,0.225,0.295,0.461,11.42,14.75
Nick Senzel,CIN,OF,500,458,111,16,38,16,65,53,0.242,0.303,0.414,11.35,14.65
Trey Mancini,BAL,UT,500,448,123,20,43,1,69,62,0.274,0.342,0.476,11.31,14.56
Jesse Winker,CIN,OF,500,430,120,19,60,0,70,60,0.28,0.378,0.481,11.29,14.33
Wander Franco,TAM,SS,450,398,121,11,45,7,64,49,0.303,0.373,0.456,11.27,16.02
Starlin Castro,WSH,2B,575,537,144,18,30,3,66,68,0.267,0.304,0.422,11.27,12.68
Willi Castro,DET,3B/SS,525,491,134,10,31,13,63,53,0.273,0.317,0.421,11.27,13.83
Andrelton Simmons,MIN,SS,557,519,143,10,32,11,62,56,0.276,0.321,0.385,11.2,12.98
Adam Frazier,PIT,2B/OF,650,591,160,13,46,4,81,55,0.27,0.329,0.411,11.17,11.17
Oscar Mercado,CLE,OF,525,480,122,10,37,18,67,45,0.255,0.308,0.387,11.15,13.6
Tommy La Stella,SF,1B/2B,600,544,152,15,49,1,72,62,0.279,0.343,0.419,11.11,12
Mitch Haniger,SEA,UT,460,401,99,22,48,6,68,59,0.247,0.335,0.468,11.15,15.58
Amed Rosario,CLE,SS,500,471,131,8,23,15,57,49,0.278,0.312,0.397,11.01,14.15
Chris Taylor,LAD,2B/SS/OF,525,463,115,17,50,9,67,61,0.248,0.325,0.429,10.98,13.35
Ke'Bryan Hayes,PIT,3B,600,547,141,10,52,13,70,55,0.258,0.323,0.395,10.95,11.83
Harrison Bader,STL,OF,550,475,102,18,55,15,79,52,0.216,0.313,0.394,10.98,12.92
Jon Berti,MIA,2B/OF,425,378,97,7,39,25,61,34,0.256,0.333,0.372,10.96,16.53
Colin Moran,PIT,1B,600,547,142,19,43,0,58,82,0.259,0.314,0.42,10.92,11.68
Will Smith,LAD,C,450,400,96,26,45,3,59,69,0.241,0.321,0.497,10.94,10.94
Brendan Rodgers,COL,2B,550,519,136,17,30,5,66,60,0.263,0.304,0.433,10.89,12.79
Rougned Odor,TEX,2B,500,449,102,23,42,10,59,67,0.226,0.298,0.446,10.92,14.1
Ty France,SEA,2B,550,511,135,20,34,1,61,69,0.263,0.314,0.446,10.88,12.78
Jurickson Profar,SD,2B/OF,450,398,104,16,40,10,59,58,0.261,0.339,0.447,10.89,15.54
Victor Reyes,DET,OF,500,476,129,8,20,16,60,46,0.272,0.3,0.391,10.88,13.99
Randal Grichuk,TOR,OF,475,442,111,24,27,2,63,64,0.251,0.299,0.477,10.85,14.7
Garrett Cooper,MIA,1B,525,474,130,18,42,0,65,63,0.274,0.34,0.445,10.82,13.27
Raimel Tapia,COL,OF,575,542,143,9,30,13,66,52,0.264,0.303,0.381,10.79,12.14
Dominic Smith,NYM,1B/OF,600,548,137,20,43,2,72,66,0.249,0.307,0.43,10.76,11.63
Brandon Belt,SF,1B,550,471,115,20,72,3,74,62,0.245,0.348,0.438,10.68,12.56
Jason Heyward,CHC,OF,550,480,129,12,62,6,68,57,0.27,0.356,0.414,10.57,12.41
Yasmani Grandal,CWS,C,515,424,97,23,83,3,68,68,0.228,0.357,0.446,10.57,10.57
Jackie Bradley Jr.,FA,OF,475,416,100,18,46,10,65,54,0.241,0.327,0.433,10.52,14.25
Chad Pinder,OAK,2B/3B,500,457,120,20,32,0,66,60,0.263,0.318,0.469,10.48,11.9
David Peralta,ARI,OF,538,490,132,15,42,2,56,70,0.27,0.332,0.436,10.44,12.52
Kevin Kiermaier,TB,OF,500,459,107,11,33,21,57,51,0.232,0.291,0.368,10.45,13.48
Miguel Cabrera,DET,UT,600,535,145,14,57,0,55,76,0.272,0.342,0.392,10.39,11.22
Matt Carpenter,STL,3B,450,378,90,22,62,4,70,55,0.238,0.352,0.474,10.37,14.81
Nate Lowe,TEX,1B,550,476,120,19,72,1,66,65,0.252,0.35,0.433,10.28,12.07
Willie Calhoun,TEX,OF,575,524,135,17,46,2,65,65,0.257,0.318,0.416,10.25,11.53
Jose Iglesias,LAA,SS,550,520,144,8,20,9,53,56,0.278,0.31,0.375,10.12,11.86
Jake Cronenworth,SD,1B/2B/SS,475,430,115,8,45,14,63,40,0.267,0.336,0.401,10.07,13.6
Tyler O'Neill,STL,OF,450,416,96,24,31,5,61,57,0.231,0.287,0.453,10.07,14.4
David Dahl,TEX,OF,475,433,111,16,31,5,57,59,0.257,0.309,0.442,10,13.53
DJ Stewart,BAL,OF,550,485,110,19,61,8,61,64,0.227,0.315,0.413,10,11.76
Maikel Franco,FA,3B,505,463,119,19,38,1,53,70,0.257,0.31,0.429,9.97,12.69
Brett Gardner,NYY,OF,500,439,106,14,53,11,67,49,0.24,0.324,0.395,9.97,12.85
Kevin Pillar,NYM,OF,400,378,103,12,13,10,50,50,0.273,0.303,0.444,9.95,15.86
Garrett Hampson,COL,2B/OF,400,370,96,10,27,16,59,34,0.259,0.308,0.416,9.95,15.64
Alex Kirilloff,MIN,OF,500,455,117,13,35,9,55,56,0.257,0.314,0.403,9.93,12.78
Jonathan Schoop,DET,2B,550,514,128,20,23,1,64,62,0.249,0.292,0.416,9.92,11.65
Clint Frazier,NYY,OF,550,503,119,20,42,4,69,58,0.236,0.298,0.426,9.92,11.65
Mauricio Dubon,SF,2B/SS/OF,525,501,131,13,23,9,62,45,0.261,0.294,0.397,9.9,12.15
Alex Dickerson,SF,OF,500,451,118,17,41,1,60,60,0.263,0.327,0.449,9.84,11.69
Adam Duvall,MIA,OF,450,409,89,28,33,1,59,66,0.219,0.286,0.479,9.86,14.1
Cristian Pache,ATL,OF,500,455,109,12,35,18,48,52,0.239,0.297,0.38,9.83,12.67
Todd Frazier,FA,1B/3B,516,458,111,19,44,4,60,62,0.243,0.322,0.416,9.83,12.29
Khris Davis,TEX,UT,450,401,97,24,40,0,55,67,0.24,0.316,0.478,9.83,14.03
Christian Vazquez,BOS,C,475,439,114,16,30,5,55,56,0.26,0.307,0.424,9.8,9.8
Andres Gimenez,CLE,2B/SS/3B,450,424,102,8,24,23,54,37,0.24,0.284,0.363,9.79,13.98
Jonathan Villar,NYM,2B/SS,350,315,77,10,30,20,50,36,0.245,0.311,0.394,9.76,17.77
Edwin Rios,LAD,3B,400,374,98,22,25,1,49,60,0.261,0.309,0.502,9.74,15.54
Manuel Margot,TB,OF,450,409,101,7,35,20,55,40,0.248,0.306,0.362,9.7,13.82
Brandon Nimmo,NYM,OF,550,442,104,14,88,7,75,51,0.236,0.38,0.394,9.7,11.39
Robbie Grossman,DET,OF,560,484,125,8,69,10,65,51,0.257,0.351,0.373,9.68,11.16
Danny Santana,FA,1B/OF,300,277,74,15,16,12,44,44,0.266,0.311,0.487,9.68,20.44
Dexter Fowler,LAA,OF,500,427,102,16,62,7,61,57,0.24,0.341,0.411,9.67,12.45
Jared Walsh,LAA,1B,475,435,104,24,37,0,60,61,0.238,0.3,0.462,9.67,13.09
JaCoby Jones,DET,OF,500,452,105,14,34,12,67,44,0.233,0.3,0.389,9.62,12.4
Daulton Varsho,ARI,C/OF,350,316,89,13,33,9,55,37,0.281,0.35,0.491,9.54,12.13
Aledmys Diaz,HOU,2B,400,358,98,15,30,3,52,55,0.274,0.333,0.472,9.54,15.19
Gary Sanchez,NYY,C,400,352,80,27,40,0,53,63,0.226,0.316,0.499,9.5,10.64
Luis Arraez,MIN,2B,500,454,140,4,44,4,60,39,0.308,0.368,0.392,9.43,12.08
Rowdy Tellez,TOR,1B,425,385,99,19,31,2,51,59,0.258,0.318,0.467,9.47,14.25
Jarred Kelenic,SEA,OF,450,410,103,15,36,8,51,53,0.252,0.313,0.417,9.39,13.38
Bobby Dalbec,BOS,1B,500,446,101,22,53,4,53,65,0.226,0.31,0.428,9.37,12.09
Luis Urias,MIL,2B/3B/SS,575,518,129,13,52,5,68,52,0.249,0.323,0.393,9.34,10.51
Travis d'Arnaud,ATL,C,440,395,104,16,36,0,47,66,0.264,0.326,0.459,9.28,9.48
Myles Straw,HOU,OF,400,363,91,1,37,28,51,24,0.25,0.318,0.302,9.29,14.83
Josh Naylor,CLE,OF,525,477,127,13,47,3,58,55,0.265,0.331,0.409,9.25,11.16
Edward Olivares,KC,OF,350,326,83,10,24,18,42,38,0.255,0.306,0.398,9.24,16.53
Willson Contreras,CHC,C,475,414,101,18,45,2,57,59,0.245,0.336,0.433,9.21,9.21
Yadier Molina,STL,C,450,415,112,12,23,5,45,58,0.269,0.314,0.403,9.15,9.15
Nico Hoerner,CHC,2B/SS,500,458,127,4,34,11,55,42,0.276,0.325,0.381,9.11,11.7
Jarrod Dyson,FA,OF,400,354,79,4,41,27,58,24,0.224,0.305,0.301,9.15,14.04
Jeimer Candelario,DET,1B/3B,600,524,120,16,65,4,70,59,0.228,0.322,0.381,9.06,9.79
Orlando Arcia,MIL,SS,550,504,121,12,38,9,54,58,0.241,0.293,0.362,9.04,10.61
isiah Kiner-Falefa,TEX,3B/SS,625,568,141,5,41,13,64,47,0.249,0.306,0.326,9.01,9.36
David Bote,CHC,2B/3B,425,364,95,12,49,6,49,54,0.26,0.358,0.425,8.97,13.49
J.P. Crawford,SEA,SS,600,522,125,9,64,10,62,56,0.239,0.322,0.347,8.94,9.65
Renato Nunez,DET,1B,450,406,99,20,33,1,53,61,0.243,0.309,0.447,8.94,12.73
Ha-Seong Kim,SD,3B/SS,350,309,85,13,35,7,44,45,0.273,0.351,0.457,8.91,16.14
Michael A. Taylor,KC,OF,400,366,78,11,29,20,54,36,0.213,0.27,0.366,8.88,14.18
Niko Goodrum,DET,2B/SS,450,403,92,13,42,12,55,47,0.229,0.303,0.391,8.87,12.65
Yandy Diaz,TB,3B,500,438,117,11,57,2,63,47,0.267,0.351,0.41,8.83,11.34
Asdrubal Cabrera,ARI,1B/3B,450,400,98,17,43,2,50,63,0.244,0.317,0.436,8.84,12.59
Andrew Vaughn,CWS,1B,450,390,97,17,54,1,56,57,0.249,0.342,0.43,8.83,12.57
Daniel Vogelbach,MIL,UT,475,395,89,22,76,0,58,62,0.225,0.352,0.434,8.84,11.97
Roman Quinn,PHI,OF,300,272,64,6,22,25,42,28,0.236,0.297,0.358,8.83,18.27
Willy Adames,TB,SS,450,407,101,16,38,4,60,46,0.248,0.313,0.427,8.79,12.52
Jake Cave,MIN,OF,400,365,99,13,28,4,50,48,0.271,0.332,0.457,8.76,13.93
Carter Kieboom,WSH,3B,500,446,115,12,53,4,68,39,0.259,0.339,0.4,8.71,11.19
Enrique Hernandez,BOS,2B/OF,425,380,97,15,35,3,52,52,0.254,0.321,0.429,8.72,12.36
Tim Locastro,ARI,OF,350,296,69,3,22,24,55,23,0.234,0.344,0.323,8.72,14.53
Anthony Alford,PIT,OF,500,462,95,11,30,21,45,50,0.205,0.261,0.332,8.69,10.21
Ji-Man Choi,TB,1B,400,338,84,17,52,2,49,57,0.247,0.35,0.453,8.62,13.64
Isan Diaz,MIA,2B,450,400,94,17,48,6,56,48,0.235,0.318,0.419,8.62,12.28
Shogo Akiyama,CIN,OF,450,383,99,2,62,17,56,31,0.257,0.368,0.339,8.57,11.55
Andrew Stevenson,WSH,OF,450,418,110,7,30,12,50,39,0.263,0.314,0.379,8.53,10.58
Michael Chavis,BOS,1B/2B/OF,400,366,89,18,30,3,46,54,0.243,0.306,0.439,8.53,13.62
Jorge Alfaro,MIA,C,460,425,101,17,22,4,47,58,0.239,0.294,0.409,8.48,8.48
Cameron Maybin,CHC,OF,368,327,81,8,38,17,42,35,0.249,0.33,0.387,8.43,14.58
Freddy Galvis,BAL,2B/SS,550,512,116,17,32,4,57,59,0.226,0.273,0.377,8.42,9.9
Kevin Newman,PIT,2B/SS,400,370,105,6,22,9,41,42,0.284,0.329,0.391,8.39,13.31
Yoenis Cespedes,FA,UT,300,271,74,16,24,2,42,48,0.274,0.336,0.516,8.41,17.66
Eric Sogard,FA,2B/3B/SS,425,379,103,7,37,7,55,38,0.271,0.336,0.387,8.36,12.53
Wilmer Flores,SF,2B/1B,375,345,97,13,22,0,43,50,0.282,0.33,0.45,8.3,13.94
Sean Murphy,OAK,C,450,407,99,17,42,1,57,50,0.243,0.316,0.443,8.31,8.31
Yoshi Tsutsugo,TB,3B/OF,475,403,86,22,67,0,62,55,0.213,0.326,0.422,8.22,11.13
James McCann,NYM,C,450,415,100,16,28,2,52,51,0.242,0.297,0.415,8.19,8.19
Brandon Crawford,SF,SS,550,491,118,12,49,3,57,56,0.24,0.313,0.373,8.07,9.47
Mike Brosseau,TB,1B/2B/3B,425,390,94,15,32,5,46,51,0.24,0.3,0.422,8.03,10.27
Adam Engel,CWS,OF,500,461,107,10,24,12,53,43,0.231,0.279,0.359,8,10.3
Nomar Mazara,DET,OF,400,365,93,14,26,2,47,49,0.254,0.31,0.427,7.94,12.63
Josh Rojas,ARI,2B,300,270,69,8,30,14,38,33,0.256,0.33,0.433,7.9,16.61
Donovan Solano,SF,2B,450,427,122,7,19,1,45,47,0.286,0.317,0.399,7.85,9.91
Omar Narvaez,MIL,C,450,396,98,15,47,0,54,49,0.248,0.332,0.406,7.87,7.87
Jedd Gyorko,FA,1B/3B,400,353,83,16,42,3,49,50,0.236,0.318,0.415,7.83,12.49
Albert Pujols,LAA,1B,400,365,88,16,28,2,38,59,0.241,0.295,0.411,7.68,12.23
Cole Tucker,PIT,OF,450,412,98,6,37,14,54,31,0.237,0.3,0.348,7.6,10.82
Jose Marmolejos,SEA,OF,450,422,108,13,27,0,44,52,0.256,0.302,0.411,7.51,10.65
Mitch Moreland,FA,1B,300,266,67,16,31,1,38,46,0.252,0.33,0.489,7.4,15.52
Josh Reddick,FA,OF,400,363,94,9,32,4,46,42,0.258,0.313,0.39,7.32,11.61
Erik Gonzalez,PIT,3B/SS,500,464,110,7,24,10,51,41,0.237,0.273,0.334,7.29,9.37
Brad Miller,PHI,3B,300,266,66,16,31,2,40,42,0.249,0.33,0.49,7.29,14.73
Pedro Severino,BAL,C,350,313,80,13,30,3,39,46,0.255,0.326,0.425,7.25,9.19
Adam Haseley,PHI,OF,400,363,90,11,32,5,46,39,0.248,0.314,0.394,7.24,11.51
Aristides Aquino,CIN,OF,250,232,57,16,17,4,35,39,0.247,0.3,0.509,7.23,18.1
Mitch Garver,MIN,C,300,264,66,17,31,0,43,42,0.249,0.334,0.499,7.2,10.59
Jose Martinez,NYM,UT,300,270,77,11,27,1,37,40,0.286,0.352,0.478,7.18,14.97
Lane Thomas,STL,OF,300,261,57,18,29,4,38,46,0.218,0.309,0.477,7.14,15.04
Wilson Ramos,DET,C,400,363,96,11,32,0,35,52,0.264,0.326,0.391,7.06,7.89
Brian Goodwin,FA,OF,350,314,75,11,30,6,45,38,0.238,0.308,0.417,7.08,12.8
Cedric Mullins,BAL,OF,400,369,79,7,28,17,48,28,0.215,0.272,0.326,7.08,11.31
Nick Markakis,FA,UT,350,310,93,5,34,1,38,41,0.299,0.366,0.422,7.04,12.6
Taylor Trammell,SEA,OF,300,264,63,6,30,16,33,27,0.237,0.32,0.359,6.81,14.28
Dee Strange-Gordon,FA,2B/OF,300,281,74,1,10,15,34,25,0.264,0.29,0.335,6.68,13.94
Carson Kelly,ARI,C,400,342,82,14,44,0,42,47,0.239,0.32,0.413,6.63,7.41
Shed Long Jr.,SEA,2B,400,367,84,11,33,8,44,36,0.228,0.293,0.369,6.6,10.49
Tony Kemp,OAK,2B,450,393,87,6,42,11,48,37,0.222,0.302,0.324,6.57,9.34
Luis Garcia,WSH,2B,400,387,103,4,13,8,47,24,0.267,0.291,0.354,6.54,10.33
Jason Castro,HOU,C,300,259,62,15,36,0,45,36,0.24,0.339,0.481,6.53,9.59
Kurt Suzuki,LAA,C,275,247,69,11,18,0,30,42,0.279,0.34,0.463,6.51,10.34
Rio Ruiz,BAL,3B,525,468,107,12,45,1,45,56,0.229,0.291,0.36,6.51,7.97
Buster Posey,SF,UT,450,406,102,9,38,1,47,42,0.251,0.319,0.362,6.44,9.11
Nicky Lopez,KC,2B,400,366,96,4,31,7,43,29,0.263,0.32,0.349,6.41,10.13
Austin Nola,SD,C,425,383,92,10,37,3,43,43,0.24,0.311,0.374,6.38,6.73
Danny Mendick,CWS,2B,350,318,73,9,32,10,38,33,0.23,0.301,0.363,6.38,11.53
Ryan Jeffers,MIN,C,250,225,62,13,20,0,34,34,0.278,0.345,0.488,6.37,11.09
Travis Shaw,FA,1B/3B,350,300,66,14,44,1,42,42,0.221,0.325,0.411,6.24,11.28
Joey Wendle,TB,2B/3B/SS,300,270,70,4,18,10,36,28,0.257,0.315,0.369,6.21,12.93
Isaac Paredes,DET,3B,300,269,76,7,31,3,32,34,0.284,0.358,0.415,6.17,12.5
Tom Murphy,SEA,UT,300,281,61,16,18,2,33,43,0.219,0.267,0.447,6.11,11.65
Luis Torrens,SEA,C,325,294,78,9,31,1,33,39,0.266,0.336,0.427,6.08,8.24
Jordan Luplow,CLE,OF,300,263,63,11,33,4,37,34,0.239,0.326,0.431,6.06,10.22
Josh VanMeter,ARI,2B,225,201,52,9,23,6,30,28,0.261,0.338,0.473,6.04,15.59
Yolmer Sanchez,BAL,3B,450,403,97,5,36,6,47,35,0.24,0.305,0.336,5.97,8.45
Yan Gomes,WSH,C,300,269,65,12,24,1,36,38,0.241,0.312,0.43,5.95,8.71
Jay Bruce,NYY,OF,250,229,54,14,19,1,29,39,0.237,0.295,0.477,5.91,14.72
Tyler Stephenson,CIN,C,300,262,67,10,30,1,35,37,0.254,0.339,0.412,5.84,8.53
Pat Valaika,BAL,1B/2B/SS,325,308,74,12,16,2,36,37,0.239,0.277,0.415,5.84,10.05
Ender Inciarte,ATL,OF,300,266,64,4,27,11,35,26,0.24,0.315,0.344,5.83,12.16
Roberto Perez,CLE,C,375,325,71,13,38,0,36,47,0.22,0.3,0.386,5.77,6.84
Francisco Mejia,TB,C,350,323,74,13,19,1,42,35,0.228,0.283,0.396,5.76,7.29
Marwin Gonzalez,BOS,1B/2B/3B/OF,300,271,70,9,24,1,33,36,0.259,0.323,0.422,5.67,11.77
Max Stassi,LAA,C,300,262,64,11,30,0,31,42,0.243,0.327,0.422,5.61,8.2
Josh Fuentes,COL,1B,400,387,93,9,12,1,39,39,0.24,0.263,0.387,5.59,8.69
Seth Brown,OAK,1B,400,360,79,11,32,3,42,40,0.218,0.287,0.387,5.59,8.73
Derek Fisher,TOR,OF,300,267,56,11,32,7,36,29,0.209,0.294,0.37,5.55,11.62
Elias Diaz,COL,C,350,320,84,6,25,0,35,36,0.262,0.315,0.376,5.34,6.74
Leury Garcia,CWS,SS,300,280,70,4,11,7,37,21,0.251,0.279,0.358,5.35,11.08
Jo Adell,LAA,OF,300,278,67,7,22,4,39,25,0.243,0.299,0.392,5.24,10.88
Tim Lopes,MIL,OF,250,232,57,3,17,11,25,24,0.245,0.298,0.362,5.22,12.22
Stephen Vogt,ARI,C,200,182,46,10,15,2,24,32,0.254,0.309,0.487,5.21,11.16
Hanser Alberto,FA,2B,300,285,79,4,8,2,32,25,0.276,0.298,0.368,5.07,10.15
Kyle Farmer,CIN,2B/SS,300,275,64,9,15,3,28,35,0.232,0.273,0.384,4.99,10.12
Jed Lowrie,OAK,UT,250,219,59,7,29,0,30,30,0.27,0.355,0.445,4.98,12.18
Brock Holt,FA,3B/OF,300,264,68,5,29,3,33,29,0.257,0.337,0.363,4.96,10.23
Jose Garcia,CIN,SS,350,328,72,8,11,5,31,35,0.22,0.262,0.352,4.94,8.87
Phillip Ervin,CHC,OF,250,225,53,6,22,6,27,26,0.237,0.309,0.39,4.82,11.54
Lewis Brinson,MIA,OF,300,276,61,8,17,5,29,32,0.22,0.27,0.364,4.76,9.9
Jacob Stallings,PIT,C,350,319,77,7,24,0,36,30,0.243,0.295,0.362,4.72,5.94
Jason Kipnis,ATL,2B,250,223,53,8,23,3,26,30,0.237,0.309,0.404,4.72,11.6
Josh Harrison,WSH,2B/3B,250,229,56,6,12,4,28,26,0.245,0.29,0.384,4.7,11.55
Alejandro Kirk,TOR,C,225,199,57,5,23,0,28,24,0.285,0.361,0.409,4.62,8.76
Tyler Naquin,FA,OF,200,188,50,7,9,2,23,25,0.264,0.298,0.44,4.55,13.76
Mike Zunino,TB,C,300,275,53,14,20,0,32,36,0.192,0.256,0.392,4.43,6.47
Chance Sisco,BAL,C,300,263,57,11,29,0,34,31,0.215,0.312,0.378,4.39,6.4
Scott Heineman,CIN,OF,200,186,49,5,14,5,22,19,0.266,0.319,0.398,4.36,12.24
Jeter Downs,BOS,SS,150,133,34,6,12,6,20,19,0.254,0.325,0.457,4.37,17.44
Danny Jansen,TOR,C,250,219,51,8,24,1,27,29,0.234,0.312,0.411,4.34,7.47
Daniel Johnson Jr.,CLE,OF,250,226,52,6,19,3,29,24,0.23,0.296,0.377,4.26,10.44
Jake Marisnick,CHC,OF,250,230,46,8,14,7,29,23,0.2,0.257,0.351,4.26,10.09
Austin Slater,SF,OF,200,176,44,5,22,4,23,22,0.252,0.34,0.405,4.24,11.6
Tucker Barnhart,CIN,C,300,263,60,7,34,0,29,32,0.23,0.319,0.359,4.2,6.09
Matt Beaty,LAD,1B,250,234,59,5,15,2,23,27,0.251,0.301,0.381,4.15,9.59
Martin Maldonado,HOU,C,300,267,57,10,25,0,34,28,0.212,0.289,0.365,4.14,6.01
Jazz Chisholm,MIA,2B/SS,200,179,37,7,16,7,20,23,0.207,0.276,0.391,4.14,12.61
Richie Martin,BAL,UT,200,185,46,3,11,8,23,16,0.247,0.294,0.356,4.09,10.21
Ronald Guzman,TEX,1B,250,221,50,8,24,1,26,29,0.225,0.306,0.389,4.08,9.98
Mallex Smith,NYM,OF,150,135,31,1,12,12,20,11,0.231,0.302,0.316,4.01,15.98
Jake Lamb,ATL,1B/3B,150,127,29,6,19,1,10,43,0.228,0.335,0.422,4.01,15.95
Jose Peraza,NYM,2B,200,186,49,3,8,5,23,17,0.263,0.304,0.367,3.96,11.85
Dustin Fowler,OAK,UT,200,190,46,5,10,4,22,20,0.243,0.28,0.396,3.95,10.61
Johan Camargo,ATL,2B/3B,250,229,56,6,19,1,25,26,0.243,0.304,0.378,3.9,9.46
Andrew Knizner,STL,C,200,184,43,5,11,5,19,22,0.232,0.28,0.382,3.88,8.2
Kyle Higashioka,NYY,C,225,211,43,12,13,0,23,30,0.203,0.25,0.412,3.87,7.35
Curt Casali,SF,C,200,175,43,7,21,0,21,26,0.248,0.332,0.41,3.85,8.11
Chris Davis,BAL,1B,350,310,58,12,33,1,31,40,0.186,0.27,0.336,3.86,6.94
Alex Avila,WSH,C,225,184,36,10,39,1,26,29,0.194,0.338,0.4,3.82,7.25
Yairo Munoz,BOS,OF,200,185,45,3,12,6,21,18,0.243,0.293,0.355,3.79,11.35
Tyler Flowers,FA,C,275,238,48,10,29,0,31,29,0.203,0.305,0.368,3.78,5.95
Drew Waters,ATL,OF,200,182,43,5,14,4,20,23,0.239,0.297,0.38,3.74,11.19
Victor Caratini,SD,C,200,176,45,5,18,0,21,24,0.257,0.335,0.396,3.73,7.83
Yadiel Hernandez,WSH,UT,200,179,43,6,18,1,22,24,0.241,0.31,0.39,3.71,11.11
Miguel Andujar,NYY,OF,150,142,38,6,6,0,18,20,0.27,0.3,0.461,3.68,14.41
Ryan O'Hearn,KC,1B,250,224,49,8,25,0,23,30,0.219,0.299,0.389,3.69,8.87
Bradley Zimmer,CLE,OF,250,219,42,5,21,8,29,19,0.192,0.286,0.306,3.68,9.03
Christian Arroyo,BOS,2B,200,185,45,6,14,1,20,24,0.243,0.296,0.41,3.66,9.79
Darin Ruf,SF,OF,150,131,33,6,20,2,14,24,0.252,0.349,0.444,3.6,10.09
Franklin Barreto,LAA,2B,150,138,33,6,12,3,21,16,0.238,0.297,0.439,3.59,13.05
Harold Ramirez,MIA,OF,150,142,41,3,7,2,17,16,0.288,0.323,0.431,3.49,13.49
Mike Tauchman,NYY,OF,150,132,33,4,15,3,18,17,0.252,0.327,0.423,3.48,13.59
Delino Deshields,FA,OF,150,130,30,2,14,8,18,11,0.233,0.305,0.319,3.36,13.13
Ben Gamel,CLE,OF,200,180,47,3,18,2,21,15,0.264,0.334,0.392,3.31,9.74
Jake Fraley,SEA,OF,200,178,37,5,14,5,20,19,0.205,0.282,0.366,3.25,9.72
Adley Rutschman,BAL,C,150,137,34,6,12,0,18,18,0.25,0.312,0.426,3.23,8.79
Taylor Ward,LAA,OF,150,135,32,5,15,3,20,14,0.24,0.318,0.407,3.22,12.51
Albert Almora Jr.,NYM,OF,200,186,47,4,10,1,23,16,0.255,0.289,0.362,3.18,9.32
JT Riddle,MIN,3B,250,236,48,7,11,2,25,23,0.206,0.243,0.357,3.17,7.69
Harold Castro,DET,OF,200,192,50,3,6,2,17,19,0.259,0.281,0.347,3.12,9.08
Brett Phillips,TB,OF,150,131,27,4,18,6,20,14,0.204,0.299,0.377,3.13,12.22
Austin Romine,CHC,C,200,188,45,5,9,1,17,22,0.241,0.275,0.365,3.09,6.41
Phil Gosselin,FA,1B/OF,200,182,45,4,18,1,21,18,0.246,0.314,0.379,3.06,7.78
Ildemaro Vargas,CHC,2B,200,192,49,2,8,2,19,17,0.255,0.284,0.36,2.97,8.66
Jose Trevino,TEX,C,375,357,75,5,14,1,29,30,0.209,0.237,0.301,2.96,3.48
Andrew Knapp,PHI,C,200,170,36,6,24,0,22,20,0.212,0.316,0.378,2.9,6.01
Manny Pina,MIL,C,150,134,32,5,11,0,15,20,0.24,0.312,0.401,2.86,7.71
Joey Bart,SF,C,250,232,54,4,7,0,30,14,0.234,0.289,0.342,2.83,4.76
Sam Huff,TEX,C,150,139,32,6,9,0,17,18,0.228,0.281,0.43,2.84,7.66
Brandon Drury,NYM,3B,150,140,33,5,9,0,17,17,0.239,0.283,0.409,2.82,10.77
Kevin Plawecki,BOS,C,175,156,37,4,14,0,16,20,0.236,0.313,0.368,2.7,6.26
Zack Collins,CWS,UT,300,256,41,10,41,0,28,31,0.161,0.283,0.331,2.67,5.48
Wilmer Difo,PIT,2B/SS,150,136,33,2,12,3,17,11,0.243,0.302,0.345,2.63,9.93
Austin Dean,STL,OF,100,92,26,3,7,1,11,12,0.278,0.332,0.454,2.55,13.98
Austin Barnes,LAD,C,200,172,34,4,22,3,22,15,0.197,0.3,0.3,2.51,5.15
Cam Gallagher,KC,C,200,178,42,3,14,0,17,18,0.236,0.291,0.332,2.47,5.03
Tzu-Wei Lin,MIN,SS,150,139,34,2,10,2,16,11,0.244,0.295,0.355,2.44,9.12
Jake Bauers,CLE,UT,150,130,28,4,17,2,16,15,0.216,0.308,0.36,2.44,9.19
Willians Astudillo,MIN,C,100,94,26,3,2,1,11,12,0.28,0.302,0.425,2.42,9.25
Mike Ford,NYY,1B,100,90,22,5,10,0,13,13,0.242,0.318,0.457,2.4,13.18
Jorge Mateo,SD,OF,100,91,22,2,7,3,12,10,0.239,0.297,0.393,2.4,9.42
Odubel Herrera,PHI,UT,100,93,24,3,6,1,11,12,0.263,0.314,0.427,2.36,12.82
Abraham Toro,HOU,3B,100,90,24,3,9,1,11,11,0.263,0.333,0.423,2.23,11.96
Reese McGuire,TOR,C,150,138,32,3,11,1,14,14,0.229,0.286,0.341,2.2,5.73
Chad Wallach,MIA,C,200,175,36,5,18,0,18,17,0.205,0.274,0.333,2.2,4.44
Austin Allen,OAK,C,100,94,23,4,6,0,11,12,0.249,0.294,0.437,2.16,8.15
Matt Thaiss,LAA,1B,150,137,30,4,13,1,15,14,0.217,0.287,0.36,2.16,7.8
Dwight Smith,CIN,OF,100,89,22,3,8,1,10,11,0.242,0.303,0.389,2.13,11.38
Travis Demeritte,DET,OF,100,90,21,3,10,1,12,11,0.232,0.309,0.414,2.11,11.35
Matt Wieters,FA,C,100,89,20,4,8,0,9,14,0.226,0.297,0.408,2.09,7.85
Thairo Estrada,NYY,2B,100,93,22,3,4,2,11,9,0.233,0.265,0.385,2.08,11.12
Joe Panik,FA,2B/3B/SS,100,89,24,2,9,1,12,9,0.266,0.333,0.378,2.05,10.81
Tyler Wade,NYY,2B/SS,100,92,22,1,7,3,11,7,0.237,0.294,0.34,2.04,10.83
Grayson Greiner,DET,C,200,180,36,4,16,0,16,20,0.201,0.264,0.319,2.02,4.05
Daniel Robertson,MIL,SS,150,133,29,2,15,2,14,12,0.215,0.304,0.308,1.98,7.18
Christin Stewart,DET,OF,100,88,20,3,9,0,10,13,0.233,0.307,0.403,1.98,10.45
Greg Garcia,FA,2B/3B,150,127,29,2,19,1,16,11,0.233,0.34,0.316,1.97,6.68
Tony Wolters,FA,C,150,131,32,1,14,0,13,14,0.242,0.321,0.315,1.93,4.92
Austin Hedges,CLE,C,125,113,23,4,9,1,11,14,0.203,0.269,0.355,1.93,5.87
Billy McKinney,MIL,OF,100,90,20,3,9,0,12,11,0.225,0.295,0.422,1.93,10.15
Sandy Leon,MIA,C,240,215,40,5,18,0,20,20,0.187,0.252,0.291,1.93,3.29
Robinson Chirinos,NYY,C,100,84,18,4,11,0,11,12,0.21,0.321,0.383,1.9,7.05
Jonathan Davis,TOR,OF,75,68,16,2,6,3,10,6,0.237,0.304,0.38,1.9,13.05
Ryan McBroom,KC,1B,75,69,18,3,6,0,10,8,0.257,0.318,0.444,1.9,12.94
Michael Perez,PIT,C,150,136,28,4,13,0,12,16,0.203,0.274,0.341,1.87,4.79
Kevan Smith,TB,C,75,68,19,2,5,1,8,9,0.274,0.333,0.408,1.87,8.89
Rob Refsnyder,MIN,UT,100,92,23,2,8,0,11,9,0.248,0.311,0.388,1.79,6.95
Luis Rengifo,LAA,2B,100,90,20,2,9,2,11,8,0.228,0.303,0.35,1.79,9.22
Jose Briceno,COL,C,75,70,17,3,3,1,8,8,0.238,0.275,0.409,1.74,8.19
Bubba Starling,KC,OF,100,94,22,2,5,2,10,8,0.233,0.272,0.335,1.73,8.83
Cheslor Cuthbert,CIN,3B,75,70,18,2,5,0,7,10,0.255,0.303,0.412,1.65,10.82
Yu Chang,CLE,SS,150,130,26,3,20,0,16,12,0.199,0.305,0.333,1.65,5.54
Tomas Nido,NYM,C,200,189,38,3,8,0,14,18,0.201,0.231,0.307,1.64,3.2
Charlie Culberson,TEX,1B,75,70,17,2,4,0,8,9,0.239,0.285,0.401,1.62,10.47
Kelvin Gutierrez,KC,3B,75,68,16,1,6,2,6,8,0.238,0.298,0.336,1.61,10.53
Steven Duggar,SF,OF,100,92,21,1,6,1,10,8,0.23,0.279,0.345,1.61,8.07
Braden Bishop,SEA,OF,100,92,20,2,8,1,10,8,0.219,0.278,0.339,1.5,6.75
Luis Guillorme,NYM,2B,75,67,17,1,8,1,7,7,0.248,0.329,0.35,1.46,8.95
Greg Allen,NYY,OF,50,46,11,1,3,2,6,4,0.24,0.296,0.353,1.42,13.06
Magneuris Sierra,MIA,OF,50,48,12,0,2,3,7,3,0.247,0.282,0.335,1.41,12.12
Kevin Kramer,PIT,UT,75,69,16,1,5,1,7,7,0.232,0.288,0.363,1.38,8.33
Mike Freeman,CLE,3B,100,88,19,1,8,1,9,7,0.218,0.284,0.307,1.27,5.94
Andrew Velazquez,NYY,SS/OF,50,47,10,1,3,2,6,4,0.218,0.263,0.346,1.25,10.99
Ehire Adrianza,ATL,3B/SS,50,44,11,1,4,0,6,4,0.252,0.318,0.381,1.21,10.27
Joey Rickard,SF,OF,50,45,11,1,4,1,6,4,0.238,0.31,0.38,1.16,8.65
Jorge Bonifacio,DET,OF,75,70,14,2,5,0,7,7,0.196,0.252,0.338,1.12,6.53
Scott Schebler,LAA,OF,50,44,9,2,5,0,6,5,0.208,0.304,0.371,1.11,9.21
Drew Butera,TEX,C,75,66,14,1,6,0,6,7,0.212,0.267,0.331,1.09,4.37
Abraham Almonte,ATL,OF,50,45,9,1,5,1,6,4,0.201,0.284,0.377,1.1,9.02
LaMonte Wade Jr,MIN,OF,50,43,10,1,7,1,6,4,0.228,0.333,0.334,1.09,8.45
Jack Mayfield,ATL,3B/SS,50,47,9,2,3,0,5,5,0.2,0.24,0.358,1.03,8.14
Meibrys Viloria,KC,C,75,67,15,0,6,0,5,7,0.223,0.279,0.285,0.97,3.59
Ronald Torreyes,PHI,SS,50,46,10,1,1,0,4,4,0.215,0.227,0.322,0.91,6.52
Anthony Bemboom,LAA,C,150,139,24,3,9,0,10,11,0.176,0.229,0.272,0.87,1.84
